contrast	chrom	start	end	name
DN_vs_EbKO	chr6	40793981	41688054	Tcrb_DN_vs_EbKO
DN_vs_DP	chr6	40793981	41688054	Tcrb_DN_vs_DP
DN_vs_ProB	chr6	40793981	41688054	Tcrb_DN_vs_ProB
DN_vs_S3T3	chr6	40793981	41688054	Tcrb_DN_vs_S3T3
DN_vs_EbKO	chr12	112934363	116108354	Igh_DN_vs_EbKO
DN_vs_DP	chr12	112934363	116108354	Igh_DN_vs_DP
DN_vs_ProB	chr12	112934363	116108354	Igh_DN_vs_ProB
DN_vs_S3T3	chr12	112934363	116108354	Igh_DN_vs_S3T3
DN_vs_EbKO	chr6	67248186	70936333	Igk_DN_vs_EbKO
DN_vs_DP	chr6	67248186	70936333	Igk_DN_vs_DP
DN_vs_ProB	chr6	67248186	70936333	Igk_DN_vs_ProB
DN_vs_S3T3	chr6	67248186	70936333	Igk_DN_vs_S3T3
DN_vs_EbKO	chr6	124835319	124917623	Cd4_DN_vs_EbKO
DN_vs_DP	chr6	124835319	124917623	Cd4_DN_vs_DP
DN_vs_ProB	chr6	124835319	124917623	Cd4_DN_vs_ProB
DN_vs_S3T3	chr6	124835319	124917623	Cd4_DN_vs_S3T3
DN_vs_EbKO	chr6	71301306	71451292	Cd8a_DN_vs_EbKO
DN_vs_DP	chr6	71301306	71451292	Cd8a_DN_vs_DP
DN_vs_ProB	chr6	71301306	71451292	Cd8a_DN_vs_ProB
DN_vs_S3T3	chr6	71301306	71451292	Cd8a_DN_vs_S3T3
DN_vs_EbKO	chr6	125152671	125178991	Gapdh_nullctl_DN_vs_EbKO
DN_vs_DP	chr6	125152671	125178991	Gapdh_nullctl_DN_vs_DP
DN_vs_ProB	chr6	125152671	125178991	Gapdh_nullctl_DN_vs_ProB
DN_vs_S3T3	chr6	125152671	125178991	Gapdh_nullctl_DN_vs_S3T3
DN_vs_EbKO	chr5	142895429	142914439	Actb_nullctl_DN_vs_EbKO
DN_vs_DP	chr5	142895429	142914439	Actb_nullctl_DN_vs_DP
DN_vs_ProB	chr5	142895429	142914439	Actb_nullctl_DN_vs_ProB
DN_vs_S3T3	chr5	142895429	142914439	Actb_nullctl_DN_vs_S3T3
