real_region	n_bins	null_chrom	null_start	p_combined
NEGCTL_3flanking_silent	850	chr12	76867000	1
NEGCTL_3flanking_silent	850	chr15	44329200	0.400819
NEGCTL_3flanking_silent	850	chr11	26704600	1
NEGCTL_3flanking_silent	850	chr19	6045200	0.885118
NEGCTL_3flanking_silent	850	chr13	86568200	1
NEGCTL_3flanking_silent	850	chr2	140807600	1
NEGCTL_3flanking_silent	850	chr7	71670800	1
NEGCTL_3flanking_silent	850	chr17	34395800	1
NEGCTL_3flanking_silent	850	chr9	50960600	0.726649
NEGCTL_3flanking_silent	850	chr7	118930200	1
NEGCTL_3flanking_silent	850	chr4	86471200	1
NEGCTL_3flanking_silent	850	chr1	165819200	1
NEGCTL_3flanking_silent	850	chr9	100813400	2.42265e-07
NEGCTL_3flanking_silent	850	chr13	83854200	1
NEGCTL_3flanking_silent	850	chr18	31733400	0.878325
NEGCTL_3flanking_silent	850	chr16	66204600	1
NEGCTL_3flanking_silent	850	chr3	124173600	1
NEGCTL_3flanking_silent	850	chr10	66004600	1
NEGCTL_3flanking_silent	850	chr3	8321800	1
NEGCTL_3flanking_silent	850	chr11	109778600	1
NEGCTL_3flanking_silent	850	chr18	66065400	1
NEGCTL_3flanking_silent	850	chr5	137184800	1
NEGCTL_3flanking_silent	850	chr10	48831400	1
NEGCTL_3flanking_silent	850	chr3	74467800	1
NEGCTL_3flanking_silent	850	chr10	17918800	0.123101
NEGCTL_3flanking_silent	850	chr4	87075800	1
NEGCTL_3flanking_silent	850	chr7	97969600	1
NEGCTL_3flanking_silent	850	chr15	65835400	0.235072
NEGCTL_3flanking_silent	850	chr5	107069600	0.253213
NEGCTL_3flanking_silent	850	chr15	46438800	1
NEGCTL_3flanking_silent	850	chr6	118861000	1
NEGCTL_3flanking_silent	850	chr5	36375400	1
NEGCTL_3flanking_silent	850	chr2	122903800	1
NEGCTL_3flanking_silent	850	chr3	129012800	1
NEGCTL_3flanking_silent	850	chr12	2493400	1
NEGCTL_3flanking_silent	850	chr9	58624600	1
NEGCTL_3flanking_silent	850	chr12	85362000	2.51641e-07
NEGCTL_3flanking_silent	850	chr7	73736800	1
NEGCTL_3flanking_silent	850	chr2	104476800	1
NEGCTL_3flanking_silent	850	chr2	81581800	1
NEGCTL_3flanking_silent	850	chr10	85517600	1
NEGCTL_3flanking_silent	850	chr8	11062000	1
NEGCTL_3flanking_silent	850	chr9	95094800	0.00273817
NEGCTL_3flanking_silent	850	chr8	13821200	1
NEGCTL_3flanking_silent	850	chr5	83608600	1
NEGCTL_3flanking_silent	850	chr1	67782000	1
NEGCTL_3flanking_silent	850	chr3	70144400	1
NEGCTL_3flanking_silent	850	chr7	143639200	0.640678
NEGCTL_3flanking_silent	850	chr4	131249800	1
NEGCTL_3flanking_silent	850	chr1	166367200	1
NEGCTL_3flanking_silent	850	chr5	42720000	1
NEGCTL_3flanking_silent	850	chr9	15976400	1
NEGCTL_3flanking_silent	850	chr12	118083600	0.837774
NEGCTL_3flanking_silent	850	chr7	95772400	1
NEGCTL_3flanking_silent	850	chr12	39454200	1
NEGCTL_3flanking_silent	850	chr1	33051600	1
NEGCTL_3flanking_silent	850	chr2	140530200	1
NEGCTL_3flanking_silent	850	chr7	103050600	1
NEGCTL_3flanking_silent	850	chr3	143868600	1
NEGCTL_3flanking_silent	850	chr2	89781200	1
NEGCTL_3flanking_silent	850	chr11	61127000	1
NEGCTL_3flanking_silent	850	chr5	102705200	0.164203
NEGCTL_3flanking_silent	850	chr6	93545600	1
NEGCTL_3flanking_silent	850	chr2	21180400	1
NEGCTL_3flanking_silent	850	chr18	34142800	0.498787
NEGCTL_3flanking_silent	850	chr11	108590200	1
NEGCTL_3flanking_silent	850	chr4	119170200	0.743053
NEGCTL_3flanking_silent	850	chr11	96002800	3.87297e-05
NEGCTL_3flanking_silent	850	chr4	71412200	1
NEGCTL_3flanking_silent	850	chr2	82097800	1
NEGCTL_3flanking_silent	850	chr7	129361000	1
NEGCTL_3flanking_silent	850	chr3	115414400	1
NEGCTL_3flanking_silent	850	chr14	39686400	1
NEGCTL_3flanking_silent	850	chr3	73624600	1
NEGCTL_3flanking_silent	850	chr13	100863200	1
NEGCTL_3flanking_silent	850	chr11	81528600	1
NEGCTL_3flanking_silent	850	chr9	52930600	0.000335107
NEGCTL_3flanking_silent	850	chr14	13274000	1
NEGCTL_3flanking_silent	850	chr2	117023400	1
NEGCTL_3flanking_silent	850	chr7	112375800	1
NEGCTL_3flanking_silent	850	chr10	7584600	0.00412521
NEGCTL_3flanking_silent	850	chr5	98675000	1
NEGCTL_3flanking_silent	850	chr2	27835400	1
NEGCTL_3flanking_silent	850	chr14	98678800	1
NEGCTL_3flanking_silent	850	chr17	15851800	1
NEGCTL_3flanking_silent	850	chr14	42756200	1
NEGCTL_3flanking_silent	850	chr1	31471600	1
NEGCTL_3flanking_silent	850	chr10	123793600	1
NEGCTL_3flanking_silent	850	chr12	7957400	1
NEGCTL_3flanking_silent	850	chr10	13461800	0.900487
NEGCTL_3flanking_silent	850	chr10	57067400	1
NEGCTL_3flanking_silent	850	chr14	114241000	1
NEGCTL_3flanking_silent	850	chr10	105753200	0.292568
NEGCTL_3flanking_silent	850	chr5	39757000	1
NEGCTL_3flanking_silent	850	chr8	108949200	0.430219
NEGCTL_3flanking_silent	850	chr1	87344000	0.782766
NEGCTL_3flanking_silent	850	chr15	2693800	1
NEGCTL_3flanking_silent	850	chr2	162137600	1
NEGCTL_3flanking_silent	850	chr8	41009600	1
NEGCTL_3flanking_silent	850	chr11	13290600	1
NEGCTL_3flanking_silent	850	chr4	39090000	1
NEGCTL_3flanking_silent	850	chr13	79993600	1
NEGCTL_3flanking_silent	850	chr13	37889600	1
NEGCTL_3flanking_silent	850	chr17	12479600	1
NEGCTL_3flanking_silent	850	chr4	37490200	1
NEGCTL_3flanking_silent	850	chr8	6296400	1
NEGCTL_3flanking_silent	850	chr6	45935400	1
NEGCTL_3flanking_silent	850	chr12	98931400	0.570601
NEGCTL_3flanking_silent	850	chr5	30688600	0.924954
NEGCTL_3flanking_silent	850	chr5	142529600	1
NEGCTL_3flanking_silent	850	chr10	117655600	0.273272
NEGCTL_3flanking_silent	850	chr17	23668000	0.757901
NEGCTL_3flanking_silent	850	chr3	84983800	0.930945
NEGCTL_3flanking_silent	850	chr7	8134800	1
NEGCTL_3flanking_silent	850	chr19	9226400	1
NEGCTL_3flanking_silent	850	chr13	105476800	1
NEGCTL_3flanking_silent	850	chr16	22255200	0.579415
NEGCTL_3flanking_silent	850	chr8	114787800	1
NEGCTL_3flanking_silent	850	chr5	6150800	1
NEGCTL_3flanking_silent	850	chr9	96245800	0.900487
NEGCTL_3flanking_silent	850	chr6	130519400	1
NEGCTL_3flanking_silent	850	chr13	11136200	1
NEGCTL_3flanking_silent	850	chr4	966200	1
NEGCTL_3flanking_silent	850	chr4	145460200	3.69644e-20
NEGCTL_3flanking_silent	850	chr2	12566800	1
NEGCTL_3flanking_silent	850	chr2	149457800	1
NEGCTL_3flanking_silent	850	chr3	60112600	1
NEGCTL_3flanking_silent	850	chr16	59566400	1
NEGCTL_3flanking_silent	850	chr3	46481200	1
NEGCTL_3flanking_silent	850	chr12	37060200	1
NEGCTL_3flanking_silent	850	chr18	45556400	1
NEGCTL_3flanking_silent	850	chr2	91428800	0.121597
NEGCTL_3flanking_silent	850	chr1	34069000	0.726649
NEGCTL_3flanking_silent	850	chr2	42733400	1
NEGCTL_3flanking_silent	850	chr11	116870000	1
NEGCTL_3flanking_silent	850	chr10	16706000	1
NEGCTL_3flanking_silent	850	chr11	93365400	1
NEGCTL_3flanking_silent	850	chr3	93185800	1
NEGCTL_3flanking_silent	850	chr12	4498200	0.922174
NEGCTL_3flanking_silent	850	chr13	86059200	1
NEGCTL_3flanking_silent	850	chr2	79898200	1
NEGCTL_3flanking_silent	850	chr17	13032400	0.0047215
NEGCTL_3flanking_silent	850	chr6	143479400	1
NEGCTL_3flanking_silent	850	chr10	40621600	1
NEGCTL_3flanking_silent	850	chr9	40220200	1
NEGCTL_3flanking_silent	850	chr5	145015800	1
NEGCTL_3flanking_silent	850	chr17	46305800	1
NEGCTL_3flanking_silent	850	chr8	4368200	1
NEGCTL_3flanking_silent	850	chr9	104860200	1
NEGCTL_3flanking_silent	850	chr2	20464800	1
NEGCTL_3flanking_silent	850	chr7	3688600	1
NEGCTL_3flanking_silent	850	chr14	117725800	1
NEGCTL_3flanking_silent	850	chr17	67945800	1
NEGCTL_3flanking_silent	850	chr10	104964800	1
NEGCTL_3flanking_silent	850	chr12	100171400	1
NEGCTL_3flanking_silent	850	chr2	4717400	1
NEGCTL_3flanking_silent	850	chr15	26541800	1
NEGCTL_3flanking_silent	850	chr4	123433600	1
NEGCTL_3flanking_silent	850	chr8	99391800	1
NEGCTL_3flanking_silent	850	chr16	57912600	1
NEGCTL_3flanking_silent	850	chr14	37567600	1
NEGCTL_3flanking_silent	850	chr6	63104800	1
NEGCTL_3flanking_silent	850	chr7	18114600	1
NEGCTL_3flanking_silent	850	chr16	63161000	1
NEGCTL_3flanking_silent	850	chr7	76054600	1
NEGCTL_3flanking_silent	850	chr4	40020400	1
NEGCTL_3flanking_silent	850	chr13	100024200	0.146254
NEGCTL_3flanking_silent	850	chr2	146614400	1
NEGCTL_3flanking_silent	850	chr1	92511400	1
NEGCTL_3flanking_silent	850	chr2	109228800	0.00517009
NEGCTL_3flanking_silent	850	chr15	32950600	0.677753
NEGCTL_3flanking_silent	850	chr2	56077000	1
NEGCTL_3flanking_silent	850	chr17	56998200	1
NEGCTL_3flanking_silent	850	chr5	25205000	0.000362805
NEGCTL_3flanking_silent	850	chr3	74206200	1
NEGCTL_3flanking_silent	850	chr1	24734000	0.850453
NEGCTL_3flanking_silent	850	chr1	40360000	0.673702
NEGCTL_3flanking_silent	850	chr1	36270000	1
NEGCTL_3flanking_silent	850	chr14	63563800	1
NEGCTL_3flanking_silent	850	chr6	122068600	1
NEGCTL_3flanking_silent	850	chr10	41578000	0.922174
NEGCTL_3flanking_silent	850	chr16	76763800	1
NEGCTL_3flanking_silent	850	chr1	166312200	1
NEGCTL_3flanking_silent	850	chr3	141686800	1
NEGCTL_3flanking_silent	850	chr4	38206600	1
NEGCTL_3flanking_silent	850	chr14	118144600	5.80573e-12
NEGCTL_3flanking_silent	850	chr1	81969800	1
NEGCTL_3flanking_silent	850	chr6	136869400	0.00379476
NEGCTL_3flanking_silent	850	chr2	94968800	1
NEGCTL_3flanking_silent	850	chr15	12289800	1
NEGCTL_3flanking_silent	850	chr17	5034800	0.933123
NEGCTL_3flanking_silent	850	chr2	152030800	0.916522
NEGCTL_3flanking_silent	850	chr17	79426400	1
NEGCTL_3flanking_silent	850	chr19	20849000	1
NEGCTL_3flanking_silent	850	chr12	95424800	1
NEGCTL_3flanking_silent	850	chr9	77169600	1
NEGCTL_3flanking_silent	850	chr2	142233400	1
NEGCTL_3flanking_silent	850	chr8	42475800	1
NEGCTL_3flanking_silent	850	chr15	53209600	0.00039196
NEGCTL_3flanking_silent	850	chr7	111921800	0.0315425
NEGCTL_3flanking_silent	850	chr9	49068000	1
NEGCTL_3flanking_silent	850	chr4	12027000	0.00574195
NEGCTL_3flanking_silent	850	chr10	19883200	0.182714
NEGCTL_3flanking_silent	850	chr7	88535600	1
NEGCTL_3flanking_silent	850	chr6	36626600	1
NEGCTL_3flanking_silent	850	chr6	110401600	1
NEGCTL_3flanking_silent	850	chr6	49496400	1
NEGCTL_3flanking_silent	850	chr11	28306400	1
NEGCTL_3flanking_silent	850	chr18	26016600	1
NEGCTL_3flanking_silent	850	chr17	79088200	1
NEGCTL_3flanking_silent	850	chr5	72791000	0.111782
NEGCTL_3flanking_silent	850	chr8	123490200	1
NEGCTL_3flanking_silent	850	chr9	104431400	1
NEGCTL_3flanking_silent	850	chr12	64789400	0.0854967
NEGCTL_3flanking_silent	850	chr9	65339400	0.875674
NEGCTL_3flanking_silent	850	chr5	29153400	0.0576623
NEGCTL_3flanking_silent	850	chr3	118228800	1
NEGCTL_3flanking_silent	850	chr11	60989600	1
NEGCTL_3flanking_silent	850	chr2	156438800	1
NEGCTL_3flanking_silent	850	chr14	79600400	1
NEGCTL_3flanking_silent	850	chr13	13885400	0.702133
NEGCTL_3flanking_silent	850	chr2	96265200	1
NEGCTL_3flanking_silent	850	chr2	169388000	1
NEGCTL_3flanking_silent	850	chr18	15995800	1
NEGCTL_3flanking_silent	850	chr14	99385600	1
NEGCTL_3flanking_silent	850	chr12	117573200	0.602304
NEGCTL_3flanking_silent	850	chr18	70674000	1
NEGCTL_3flanking_silent	850	chr4	112522400	1
NEGCTL_3flanking_silent	850	chr2	107305400	1
NEGCTL_3flanking_silent	850	chr14	22130800	1
NEGCTL_3flanking_silent	850	chr8	22761400	1
NEGCTL_3flanking_silent	850	chr14	59167800	1
NEGCTL_3flanking_silent	850	chr8	58884400	1
NEGCTL_3flanking_silent	850	chr13	109713000	0.844375
NEGCTL_3flanking_silent	850	chr10	103666800	1
NEGCTL_3flanking_silent	850	chr14	19687800	1
NEGCTL_3flanking_silent	850	chr2	168181000	1
NEGCTL_3flanking_silent	850	chr2	130479000	1
NEGCTL_3flanking_silent	850	chr9	10854600	1
NEGCTL_3flanking_silent	850	chr7	131761800	1
NEGCTL_3flanking_silent	850	chr11	93121200	1
NEGCTL_3flanking_silent	850	chr5	110906000	0.00225544
NEGCTL_3flanking_silent	850	chr13	106460600	1
NEGCTL_3flanking_silent	850	chr4	123148400	1
NEGCTL_3flanking_silent	850	chr5	56420800	1
NEGCTL_3flanking_silent	850	chr3	151249800	0.191234
NEGCTL_3flanking_silent	850	chr17	14553000	1
NEGCTL_3flanking_silent	850	chr7	105452800	1
NEGCTL_3flanking_silent	850	chr13	45873600	1
NEGCTL_3flanking_silent	850	chr8	121874000	2.78721e-08
NEGCTL_3flanking_silent	850	chr12	109692600	1
NEGCTL_3flanking_silent	850	chr10	18848800	0.0756459
NEGCTL_3flanking_silent	850	chr19	22023200	1
NEGCTL_3flanking_silent	850	chr11	103497200	1
NEGCTL_3flanking_silent	850	chr2	172407400	1
NEGCTL_3flanking_silent	850	chr15	89335600	0.356704
NEGCTL_3flanking_silent	850	chr2	114625400	1
NEGCTL_3flanking_silent	850	chr14	4233600	1
NEGCTL_3flanking_silent	850	chr1	133371200	1
NEGCTL_3flanking_silent	850	chr7	105061600	1
NEGCTL_3flanking_silent	850	chr5	124477200	1
NEGCTL_3flanking_silent	850	chr7	47474600	1
NEGCTL_3flanking_silent	850	chr5	66794800	1
NEGCTL_3flanking_silent	850	chr17	68648400	1
NEGCTL_3flanking_silent	850	chr2	141262600	1
NEGCTL_3flanking_silent	850	chr19	3168600	0.850453
NEGCTL_3flanking_silent	850	chr5	133626200	1
NEGCTL_3flanking_silent	850	chr15	4907000	1
NEGCTL_3flanking_silent	850	chr19	7610800	1
NEGCTL_3flanking_silent	850	chr9	18116600	1
NEGCTL_3flanking_silent	850	chr2	122026400	1
NEGCTL_3flanking_silent	850	chr1	173936600	1
NEGCTL_3flanking_silent	850	chr4	70871000	1
NEGCTL_3flanking_silent	850	chr12	17497800	1
NEGCTL_3flanking_silent	850	chr3	2662000	1
NEGCTL_3flanking_silent	850	chr9	110770400	1
NEGCTL_3flanking_silent	850	chr1	1078000	1
NEGCTL_3flanking_silent	850	chr1	2455200	1
NEGCTL_3flanking_silent	850	chr14	119635200	1
NEGCTL_3flanking_silent	850	chr4	125764800	1
NEGCTL_3flanking_silent	850	chr15	25436400	1
NEGCTL_3flanking_silent	850	chr12	8609600	2.63224e-18
NEGCTL_3flanking_silent	850	chr17	13021000	4.81978e-09
NEGCTL_3flanking_silent	850	chr11	93319400	1
NEGCTL_3flanking_silent	850	chr15	47665400	1
NEGCTL_3flanking_silent	850	chr3	6625600	1
NEGCTL_3flanking_silent	850	chr2	125524800	4.28369e-05
NEGCTL_3flanking_silent	850	chr13	59932200	1
NEGCTL_3flanking_silent	850	chr9	10848200	1
NEGCTL_3flanking_silent	850	chr3	134440000	1
NEGCTL_3flanking_silent	850	chr13	7137200	1
NEGCTL_3flanking_silent	850	chr4	31855000	0.783616
NEGCTL_3flanking_silent	850	chr11	63058400	1
NEGCTL_3flanking_silent	850	chr14	121959800	0.256459
NEGCTL_3flanking_silent	850	chr1	15768600	0.503393
NEGCTL_3flanking_silent	850	chr1	121202400	0.468591
NEGCTL_3flanking_silent	850	chr16	43956200	0.662431
NEGCTL_3flanking_silent	850	chr3	114245600	1
NEGCTL_3flanking_silent	850	chr2	139684400	1
NEGCTL_3flanking_silent	850	chr19	13584000	1
NEGCTL_3flanking_silent	850	chr7	78333000	1
NEGCTL_3flanking_silent	850	chr9	98054400	1
NEGCTL_3flanking_silent	850	chr18	14438400	1
NEGCTL_3flanking_silent	850	chr5	62436400	1
NEGCTL_3flanking_silent	850	chr11	69975600	1
NEGCTL_3flanking_silent	850	chr9	54186800	1
NEGCTL_3flanking_silent	850	chr2	171136800	1
NEGCTL_3flanking_silent	850	chr10	89044400	1
NEGCTL_3flanking_silent	850	chr10	52204200	0.221276
NEGCTL_3flanking_silent	850	chr2	175872400	1
NEGCTL_3flanking_silent	850	chr4	21817000	1.88927e-06
NEGCTL_3flanking_silent	850	chr5	91711000	1
NEGCTL_3flanking_silent	850	chr9	120420200	1
NEGCTL_3flanking_silent	850	chr7	61095800	1
NEGCTL_3flanking_silent	850	chr3	151135000	0.0291878
NEGCTL_3flanking_silent	850	chr5	89308600	1
NEGCTL_3flanking_silent	850	chr1	58635400	0.574332
NEGCTL_3flanking_silent	850	chr10	54974800	1
NEGCTL_3flanking_silent	850	chr4	16137400	0.001858
NEGCTL_3flanking_silent	850	chr8	72786400	0.539775
NEGCTL_3flanking_silent	850	chr11	65327400	1
NEGCTL_3flanking_silent	850	chr9	79464600	1
NEGCTL_3flanking_silent	850	chr5	37962200	0.726649
NEGCTL_3flanking_silent	850	chr8	99923400	1
NEGCTL_3flanking_silent	850	chr7	75705600	1
NEGCTL_3flanking_silent	850	chr6	94292400	1
NEGCTL_3flanking_silent	850	chr10	104233800	1
NEGCTL_3flanking_silent	850	chr16	71778200	1
NEGCTL_3flanking_silent	850	chr17	79660400	1
NEGCTL_3flanking_silent	850	chr8	65763400	1
NEGCTL_3flanking_silent	850	chr12	30947600	1
NEGCTL_3flanking_silent	850	chr15	32609200	1
NEGCTL_3flanking_silent	850	chr10	7800600	0.579415
NEGCTL_3flanking_silent	850	chr1	23375200	1
NEGCTL_3flanking_silent	850	chr15	85411400	0.0146602
NEGCTL_3flanking_silent	850	chr4	9710800	1
NEGCTL_3flanking_silent	850	chr5	72842400	0.0493903
NEGCTL_3flanking_silent	850	chr5	27957200	0.580646
NEGCTL_3flanking_silent	850	chr13	106005000	1
NEGCTL_3flanking_silent	850	chr15	3745000	1
NEGCTL_3flanking_silent	850	chr15	42039400	1
NEGCTL_3flanking_silent	850	chr3	59028600	0.570601
NEGCTL_3flanking_silent	850	chr14	83187200	1
NEGCTL_3flanking_silent	850	chr6	20307000	1
NEGCTL_3flanking_silent	850	chr18	7908200	1
NEGCTL_3flanking_silent	850	chr12	116851800	1
NEGCTL_3flanking_silent	850	chr5	115297400	1
NEGCTL_3flanking_silent	850	chr11	84445800	0.28803
NEGCTL_3flanking_silent	850	chr6	137863400	1
NEGCTL_3flanking_silent	850	chr1	123583200	1
NEGCTL_3flanking_silent	850	chr3	119856800	1
NEGCTL_3flanking_silent	850	chr3	83182200	1
NEGCTL_3flanking_silent	850	chr3	66083200	1
NEGCTL_3flanking_silent	850	chr19	51263000	1
NEGCTL_3flanking_silent	850	chr8	27130800	1
NEGCTL_3flanking_silent	850	chr19	49470200	1
NEGCTL_3flanking_silent	850	chr2	91932600	0.608907
NEGCTL_3flanking_silent	850	chr2	150769400	1
NEGCTL_3flanking_silent	850	chr7	107694800	1
NEGCTL_3flanking_silent	850	chr10	118569200	1
NEGCTL_3flanking_silent	850	chr3	24189200	0.0934769
NEGCTL_3flanking_silent	850	chr17	87159000	1
NEGCTL_3flanking_silent	850	chr4	9425000	0.830596
NEGCTL_3flanking_silent	850	chr5	30993200	1
NEGCTL_3flanking_silent	850	chr14	60100000	0.830596
NEGCTL_3flanking_silent	850	chr10	4269000	1
NEGCTL_3flanking_silent	850	chr4	130634400	0.726649
NEGCTL_3flanking_silent	850	chr9	105054400	1
NEGCTL_3flanking_silent	850	chr9	51614000	1
NEGCTL_3flanking_silent	850	chr13	79623600	1
NEGCTL_3flanking_silent	850	chr1	141027000	1
NEGCTL_3flanking_silent	850	chr8	47858400	0.408141
NEGCTL_3flanking_silent	850	chr5	140640200	1
NEGCTL_3flanking_silent	850	chr10	108479200	1
NEGCTL_3flanking_silent	850	chr13	81829000	1
NEGCTL_3flanking_silent	850	chr10	109430200	1
NEGCTL_3flanking_silent	850	chr17	28891600	1
NEGCTL_3flanking_silent	850	chr15	59739000	1
NEGCTL_3flanking_silent	850	chr5	86807200	0.400819
NEGCTL_3flanking_silent	850	chr8	65755400	1
NEGCTL_3flanking_silent	850	chr2	4145000	1
NEGCTL_3flanking_silent	850	chr17	39223800	1
NEGCTL_3flanking_silent	850	chr9	47574800	1
NEGCTL_3flanking_silent	850	chr5	28679000	1
NEGCTL_3flanking_silent	850	chr3	41635800	0.0172438
NEGCTL_3flanking_silent	850	chr17	3797600	1
NEGCTL_3flanking_silent	850	chr7	60648400	1
NEGCTL_3flanking_silent	850	chr14	38896000	1
NEGCTL_3flanking_silent	850	chr1	81257800	1
NEGCTL_3flanking_silent	850	chr11	34631800	0.292568
NEGCTL_3flanking_silent	850	chr9	87836800	1
NEGCTL_3flanking_silent	850	chr9	120856800	1
NEGCTL_3flanking_silent	850	chr10	128069800	1
NEGCTL_3flanking_silent	850	chr17	71239200	0.00359031
NEGCTL_3flanking_silent	850	chr13	34464000	1
NEGCTL_3flanking_silent	850	chr16	7441000	1
NEGCTL_3flanking_silent	850	chr13	14440800	1
NEGCTL_3flanking_silent	850	chr7	92843600	1
NEGCTL_3flanking_silent	850	chr9	67734200	0.0019843
NEGCTL_3flanking_silent	850	chr18	12185800	1
NEGCTL_3flanking_silent	850	chr5	146702800	0.640678
NEGCTL_3flanking_silent	850	chr13	115255800	1
NEGCTL_3flanking_silent	850	chr6	112419400	1
NEGCTL_3flanking_silent	850	chr2	56099000	1
NEGCTL_3flanking_silent	850	chr12	5221800	1
NEGCTL_3flanking_silent	850	chr10	112125600	1
NEGCTL_3flanking_silent	850	chr10	42593200	1
NEGCTL_3flanking_silent	850	chr7	140822600	1
NEGCTL_3flanking_silent	850	chr12	78862200	0.933116
NEGCTL_3flanking_silent	850	chr8	11321400	1
NEGCTL_3flanking_silent	850	chr12	31622800	0.294841
NEGCTL_3flanking_silent	850	chr15	94084600	1
NEGCTL_3flanking_silent	850	chr1	13152400	1
NEGCTL_3flanking_silent	850	chr1	71785600	1
NEGCTL_3flanking_silent	850	chr2	167876000	1
NEGCTL_3flanking_silent	850	chr11	80698000	1
NEGCTL_3flanking_silent	850	chr12	1411200	1
NEGCTL_3flanking_silent	850	chr13	104223000	1.95862e-25
NEGCTL_3flanking_silent	850	chr12	44688800	1
NEGCTL_3flanking_silent	850	chr4	8453600	0.688299
NEGCTL_3flanking_silent	850	chr9	31069800	9.90805e-29
NEGCTL_3flanking_silent	850	chr1	166861200	1
NEGCTL_3flanking_silent	850	chr10	33764800	0.0429095
NEGCTL_3flanking_silent	850	chr1	131653600	1
NEGCTL_3flanking_silent	850	chr6	105463800	1
NEGCTL_3flanking_silent	850	chr11	107738200	1
NEGCTL_3flanking_silent	850	chr4	65213600	1
NEGCTL_3flanking_silent	850	chr6	126607400	1
NEGCTL_3flanking_silent	850	chr15	93040200	0.180274
NEGCTL_3flanking_silent	850	chr14	36960800	1
NEGCTL_3flanking_silent	850	chr6	19258000	1
NEGCTL_3flanking_silent	850	chr16	29034600	1
NEGCTL_3flanking_silent	850	chr3	107030400	1
NEGCTL_3flanking_silent	850	chr5	15012200	1
NEGCTL_3flanking_silent	850	chr11	52947800	0.695489
NEGCTL_3flanking_silent	850	chr19	49271600	1
NEGCTL_3flanking_silent	850	chr5	116398800	1
NEGCTL_3flanking_silent	850	chr2	74400600	0.123438
NEGCTL_3flanking_silent	850	chr14	25198200	1
NEGCTL_3flanking_silent	850	chr11	119142600	0.932806
NEGCTL_3flanking_silent	850	chr14	9771800	1
NEGCTL_3flanking_silent	850	chr17	38751200	1
NEGCTL_3flanking_silent	850	chr10	45899000	1
NEGCTL_3flanking_silent	850	chr6	20703400	1
NEGCTL_3flanking_silent	850	chr1	69135600	1
NEGCTL_3flanking_silent	850	chr1	39002000	1
NEGCTL_3flanking_silent	850	chr7	139825400	1
NEGCTL_3flanking_silent	850	chr5	95381400	1
NEGCTL_3flanking_silent	850	chr7	126480400	1
NEGCTL_3flanking_silent	850	chr13	61353600	1
NEGCTL_3flanking_silent	850	chr5	82370800	1
NEGCTL_3flanking_silent	850	chr16	38566800	0.022561
NEGCTL_3flanking_silent	850	chr5	35125600	1
NEGCTL_3flanking_silent	850	chr17	30318400	0.0211864
NEGCTL_3flanking_silent	850	chr13	63994000	1
NEGCTL_3flanking_silent	850	chr14	77829400	0.240427
NEGCTL_3flanking_silent	850	chr5	99613200	1
NEGCTL_3flanking_silent	850	chr4	46596800	1
NEGCTL_3flanking_silent	850	chr3	51229000	0.134607
NEGCTL_3flanking_silent	850	chr16	2852600	1
NEGCTL_3flanking_silent	850	chr8	37330400	1
NEGCTL_3flanking_silent	850	chr12	69747200	1
NEGCTL_3flanking_silent	850	chr7	112412200	1
NEGCTL_3flanking_silent	850	chr10	123079200	0.273272
NEGCTL_3flanking_silent	850	chr11	120561200	2.07615e-23
NEGCTL_3flanking_silent	850	chr12	78602400	0.000583114
NEGCTL_3flanking_silent	850	chr12	107244400	1
NEGCTL_3flanking_silent	850	chr3	29778000	1
NEGCTL_3flanking_silent	850	chr2	101458200	0.527788
NEGCTL_3flanking_silent	850	chr9	39573800	1
NEGCTL_3flanking_silent	850	chr10	124470800	1
NEGCTL_3flanking_silent	850	chr7	20062600	1
NEGCTL_3flanking_silent	850	chr18	4304600	0.679569
NEGCTL_3flanking_silent	850	chr2	53910000	1
NEGCTL_3flanking_silent	850	chr4	8639600	0.631193
NEGCTL_3flanking_silent	850	chr1	189787800	1
NEGCTL_3flanking_silent	850	chr10	59342400	1.90607e-12
NEGCTL_3flanking_silent	850	chr5	7513200	1
NEGCTL_3flanking_silent	850	chr2	11430200	0.888157
NEGCTL_3flanking_silent	850	chr6	115865000	3.53256e-09
NEGCTL_3flanking_silent	850	chr11	8657400	1
NEGCTL_3flanking_silent	850	chr3	154503600	1
NEGCTL_3flanking_silent	850	chr6	44743600	1
NEGCTL_3flanking_silent	850	chr7	24263600	1
NEGCTL_3flanking_silent	850	chr2	2195000	1
NEGCTL_3flanking_silent	850	chr16	16396600	1
NEGCTL_3flanking_silent	850	chr10	1370200	1
NEGCTL_3flanking_silent	850	chr10	44628800	1
NEGCTL_3flanking_silent	850	chr7	80561000	1.41618e-11
NEGCTL_3flanking_silent	850	chr15	80145800	4.39306e-09
NEGCTL_3flanking_silent	850	chr4	36020800	1
NEGCTL_3flanking_silent	850	chr4	51406400	1
NEGCTL_3flanking_silent	850	chr10	112078000	1
NEGCTL_3flanking_silent	850	chr4	106574400	1
NEGCTL_3flanking_silent	850	chr5	36931200	1
NEGCTL_3flanking_silent	850	chr1	180365200	1
NEGCTL_3flanking_silent	850	chr7	124777200	1
NEGCTL_3flanking_silent	850	chr2	130162000	0.539775
NEGCTL_3flanking_silent	850	chr1	62909600	0.108597
NEGCTL_3flanking_silent	850	chr17	13703400	0.000454421
CH_JH_iEmu	875	chr12	78229600	1.53192e-77
CH_JH_iEmu	875	chr15	44820600	1
CH_JH_iEmu	875	chr11	24236600	1
CH_JH_iEmu	875	chr19	7477000	0.888244
CH_JH_iEmu	875	chr13	87060200	1
CH_JH_iEmu	875	chr2	143190400	1
CH_JH_iEmu	875	chr7	72928200	1
CH_JH_iEmu	875	chr17	34189400	1
CH_JH_iEmu	875	chr9	51781200	1
CH_JH_iEmu	875	chr7	118428200	0.414373
CH_JH_iEmu	875	chr4	85925200	1
CH_JH_iEmu	875	chr1	167721600	1
CH_JH_iEmu	875	chr9	102736400	1
CH_JH_iEmu	875	chr13	84379200	1
CH_JH_iEmu	875	chr18	31870000	1
CH_JH_iEmu	875	chr16	67376400	1
CH_JH_iEmu	875	chr3	123484000	1
CH_JH_iEmu	875	chr10	65070000	1
CH_JH_iEmu	875	chr3	9071000	1
CH_JH_iEmu	875	chr11	111695200	1
CH_JH_iEmu	875	chr18	65747000	1
CH_JH_iEmu	875	chr5	135569200	0.287359
CH_JH_iEmu	875	chr10	48325400	1
CH_JH_iEmu	875	chr3	75425200	0.160947
CH_JH_iEmu	875	chr10	18667200	1
CH_JH_iEmu	875	chr4	87670400	0.165849
CH_JH_iEmu	875	chr7	97491400	0.621806
CH_JH_iEmu	875	chr15	65730800	0.673191
CH_JH_iEmu	875	chr5	105306800	0.0419921
CH_JH_iEmu	875	chr15	45111400	1
CH_JH_iEmu	875	chr6	120623800	1
CH_JH_iEmu	875	chr5	37273800	1
CH_JH_iEmu	875	chr2	122613000	1
CH_JH_iEmu	875	chr3	128426000	1
CH_JH_iEmu	875	chr12	2586000	1
CH_JH_iEmu	875	chr9	58781800	1
CH_JH_iEmu	875	chr12	84645800	1
CH_JH_iEmu	875	chr7	74622000	1
CH_JH_iEmu	875	chr2	102778600	0.238404
CH_JH_iEmu	875	chr2	79923200	1
CH_JH_iEmu	875	chr10	85839200	9.38458e-23
CH_JH_iEmu	875	chr8	11895400	1
CH_JH_iEmu	875	chr9	94121600	1
CH_JH_iEmu	875	chr8	12440200	1
CH_JH_iEmu	875	chr5	85210800	1
CH_JH_iEmu	875	chr1	68043000	1
CH_JH_iEmu	875	chr3	69896600	1
CH_JH_iEmu	875	chr7	142584600	0.436496
CH_JH_iEmu	875	chr4	131675200	1
CH_JH_iEmu	875	chr1	164975000	1
CH_JH_iEmu	875	chr5	44271200	1
CH_JH_iEmu	875	chr9	15610800	1
CH_JH_iEmu	875	chr12	117523800	0.607149
CH_JH_iEmu	875	chr7	96511800	1
CH_JH_iEmu	875	chr12	37975600	0.491534
CH_JH_iEmu	875	chr1	34038200	0.648594
CH_JH_iEmu	875	chr2	140262400	1
CH_JH_iEmu	875	chr7	104760800	1
CH_JH_iEmu	875	chr3	142235600	0.00030447
CH_JH_iEmu	875	chr2	89751600	1
CH_JH_iEmu	875	chr11	61566400	1
CH_JH_iEmu	875	chr5	102645200	0.0157343
CH_JH_iEmu	875	chr6	94777200	1
CH_JH_iEmu	875	chr2	21703200	1
CH_JH_iEmu	875	chr18	32560800	1
CH_JH_iEmu	875	chr11	110381400	1
CH_JH_iEmu	875	chr4	119987600	1
CH_JH_iEmu	875	chr11	96395400	0.869913
CH_JH_iEmu	875	chr4	71133000	1
CH_JH_iEmu	875	chr2	80744600	0.695883
CH_JH_iEmu	875	chr7	131148800	1
CH_JH_iEmu	875	chr3	115203800	1
CH_JH_iEmu	875	chr14	37769800	1
CH_JH_iEmu	875	chr3	73073600	1
CH_JH_iEmu	875	chr13	103047400	1
CH_JH_iEmu	875	chr11	79725800	1
CH_JH_iEmu	875	chr9	54737400	0.924881
CH_JH_iEmu	875	chr14	11939600	1
CH_JH_iEmu	875	chr2	117151600	0.777819
CH_JH_iEmu	875	chr7	112835800	1
CH_JH_iEmu	875	chr10	6132000	1
CH_JH_iEmu	875	chr5	100227600	1
CH_JH_iEmu	875	chr2	28546200	0.673581
CH_JH_iEmu	875	chr14	99310800	1
CH_JH_iEmu	875	chr17	17844400	1
CH_JH_iEmu	875	chr14	42841800	1
CH_JH_iEmu	875	chr1	31953800	1
CH_JH_iEmu	875	chr10	123892800	1
CH_JH_iEmu	875	chr12	9198800	1
CH_JH_iEmu	875	chr10	12607400	0.0512828
CH_JH_iEmu	875	chr10	58540600	0.193983
CH_JH_iEmu	875	chr14	117016600	1
CH_JH_iEmu	875	chr10	104748800	1
CH_JH_iEmu	875	chr5	41493000	0.463625
CH_JH_iEmu	875	chr8	109508600	1
CH_JH_iEmu	875	chr1	85180400	1
CH_JH_iEmu	875	chr15	1901000	1
CH_JH_iEmu	875	chr2	162254200	1
CH_JH_iEmu	875	chr8	40059800	1
CH_JH_iEmu	875	chr11	13856200	1
CH_JH_iEmu	875	chr4	39512200	1
CH_JH_iEmu	875	chr13	80219600	1
CH_JH_iEmu	875	chr13	39142200	1
CH_JH_iEmu	875	chr17	11069200	1
CH_JH_iEmu	875	chr4	37562200	1
CH_JH_iEmu	875	chr8	6730200	1
CH_JH_iEmu	875	chr6	47043200	1
CH_JH_iEmu	875	chr12	97177400	1
CH_JH_iEmu	875	chr5	31731600	1.78021e-05
CH_JH_iEmu	875	chr5	142899200	0.162431
CH_JH_iEmu	875	chr10	117591200	1
CH_JH_iEmu	875	chr17	26079600	1
CH_JH_iEmu	875	chr3	86488600	5.95345e-11
CH_JH_iEmu	875	chr7	8177600	1
CH_JH_iEmu	875	chr19	9900000	1
CH_JH_iEmu	875	chr13	105911600	1
CH_JH_iEmu	875	chr16	21764800	0.584691
CH_JH_iEmu	875	chr8	115581000	0.620486
CH_JH_iEmu	875	chr5	5767400	0.00174573
CH_JH_iEmu	875	chr9	96293600	1
CH_JH_iEmu	875	chr6	130923000	1
CH_JH_iEmu	875	chr13	12025400	1
CH_JH_iEmu	875	chr4	3319600	1
CH_JH_iEmu	875	chr4	145307600	0.00793238
CH_JH_iEmu	875	chr2	14170000	1
CH_JH_iEmu	875	chr2	150212800	1
CH_JH_iEmu	875	chr3	58924800	0.584691
CH_JH_iEmu	875	chr16	58855000	1
CH_JH_iEmu	875	chr3	46400800	1
CH_JH_iEmu	875	chr12	37294200	1
CH_JH_iEmu	875	chr18	46107400	0.187133
CH_JH_iEmu	875	chr2	90353600	0.190228
CH_JH_iEmu	875	chr1	34704600	1
CH_JH_iEmu	875	chr2	43781000	0.0116739
CH_JH_iEmu	875	chr11	118122600	1
CH_JH_iEmu	875	chr10	18247600	0.45657
CH_JH_iEmu	875	chr11	92087600	1
CH_JH_iEmu	875	chr3	93667000	1
CH_JH_iEmu	875	chr12	5675600	1
CH_JH_iEmu	875	chr13	86794000	1
CH_JH_iEmu	875	chr2	77723400	1
CH_JH_iEmu	875	chr17	13550400	0.54402
CH_JH_iEmu	875	chr6	145610600	1
CH_JH_iEmu	875	chr10	40636200	1
CH_JH_iEmu	875	chr9	38799600	1
CH_JH_iEmu	875	chr5	144364800	1
CH_JH_iEmu	875	chr17	46174800	1
CH_JH_iEmu	875	chr8	4545400	1
CH_JH_iEmu	875	chr9	103984000	0.533715
CH_JH_iEmu	875	chr2	20292200	1
CH_JH_iEmu	875	chr7	2973800	1
CH_JH_iEmu	875	chr14	118392000	0.661637
CH_JH_iEmu	875	chr17	69615800	1
CH_JH_iEmu	875	chr10	104518600	1
CH_JH_iEmu	875	chr12	100975000	0.881742
CH_JH_iEmu	875	chr2	4039400	1
CH_JH_iEmu	875	chr15	26181000	1
CH_JH_iEmu	875	chr4	122992400	0.213999
CH_JH_iEmu	875	chr8	97989800	1
CH_JH_iEmu	875	chr16	59350800	1
CH_JH_iEmu	875	chr14	36365600	1
CH_JH_iEmu	875	chr6	61697200	1
CH_JH_iEmu	875	chr7	17026000	1
CH_JH_iEmu	875	chr16	62643800	0.362684
CH_JH_iEmu	875	chr7	77508800	1
CH_JH_iEmu	875	chr4	40407400	1
CH_JH_iEmu	875	chr13	99501000	1
CH_JH_iEmu	875	chr2	148693800	1
CH_JH_iEmu	875	chr1	93127800	1
CH_JH_iEmu	875	chr2	106902000	1
CH_JH_iEmu	875	chr15	33243600	0.183302
CH_JH_iEmu	875	chr2	55576000	1
CH_JH_iEmu	875	chr17	55114600	1
CH_JH_iEmu	875	chr5	25603400	1
CH_JH_iEmu	875	chr3	72840200	0.0956655
CH_JH_iEmu	875	chr1	24549800	1.00353e-15
CH_JH_iEmu	875	chr1	37871200	1
CH_JH_iEmu	875	chr1	36050600	0.2357
CH_JH_iEmu	875	chr14	63535400	1
CH_JH_iEmu	875	chr6	121851800	1
CH_JH_iEmu	875	chr10	42621200	0.733544
CH_JH_iEmu	875	chr16	77652200	1
CH_JH_iEmu	875	chr1	165503200	1
CH_JH_iEmu	875	chr3	139876200	1
CH_JH_iEmu	875	chr4	36655800	1
CH_JH_iEmu	875	chr14	116711800	1
CH_JH_iEmu	875	chr1	81395400	1
CH_JH_iEmu	875	chr6	138679600	1
CH_JH_iEmu	875	chr2	94596600	1
CH_JH_iEmu	875	chr15	11338200	1
CH_JH_iEmu	875	chr17	7541400	1
CH_JH_iEmu	875	chr2	150307800	1.01678e-17
CH_JH_iEmu	875	chr17	77591000	1
CH_JH_iEmu	875	chr19	19943400	1
CH_JH_iEmu	875	chr12	95033400	1
CH_JH_iEmu	875	chr9	76688000	1
CH_JH_iEmu	875	chr2	142018000	1
CH_JH_iEmu	875	chr8	43534600	1
CH_JH_iEmu	875	chr15	52754600	1
CH_JH_iEmu	875	chr7	114484200	0.116668
CH_JH_iEmu	875	chr9	48637000	1
CH_JH_iEmu	875	chr4	9582000	1
CH_JH_iEmu	875	chr10	20578600	1
CH_JH_iEmu	875	chr7	86403200	1
CH_JH_iEmu	875	chr6	35825000	1
CH_JH_iEmu	875	chr6	110376000	1
CH_JH_iEmu	875	chr6	48752600	0.898686
CH_JH_iEmu	875	chr11	28805400	1
CH_JH_iEmu	875	chr18	27400000	1
CH_JH_iEmu	875	chr17	81077400	1
CH_JH_iEmu	875	chr5	72182200	0.800742
CH_JH_iEmu	875	chr8	123252200	0.06622
CH_JH_iEmu	875	chr9	104419800	1
CH_JH_iEmu	875	chr12	65048600	0.030536
CH_JH_iEmu	875	chr9	66802400	0.931547
CH_JH_iEmu	875	chr5	28719400	1
CH_JH_iEmu	875	chr3	117017600	1
CH_JH_iEmu	875	chr11	60400400	7.45104e-06
CH_JH_iEmu	875	chr2	154535600	1
CH_JH_iEmu	875	chr14	78731600	0.0112133
CH_JH_iEmu	875	chr13	12638000	0.91799
CH_JH_iEmu	875	chr2	95279800	1
CH_JH_iEmu	875	chr2	168258400	1
CH_JH_iEmu	875	chr18	16304200	1
CH_JH_iEmu	875	chr14	98412600	1
CH_JH_iEmu	875	chr12	118645200	1
CH_JH_iEmu	875	chr18	71983800	1
CH_JH_iEmu	875	chr4	112647800	1
CH_JH_iEmu	875	chr2	105635000	0.230607
CH_JH_iEmu	875	chr14	23330200	1
CH_JH_iEmu	875	chr8	21703800	1
CH_JH_iEmu	875	chr14	60892400	1
CH_JH_iEmu	875	chr8	58947400	1
CH_JH_iEmu	875	chr13	109460400	1
CH_JH_iEmu	875	chr10	102289600	1
CH_JH_iEmu	875	chr14	17225600	1
CH_JH_iEmu	875	chr2	168702400	1
CH_JH_iEmu	875	chr2	131237800	1
CH_JH_iEmu	875	chr9	11002200	1
CH_JH_iEmu	875	chr7	134042000	1
CH_JH_iEmu	875	chr11	93068000	1
CH_JH_iEmu	875	chr5	110731800	0.577259
CH_JH_iEmu	875	chr13	106266600	1
CH_JH_iEmu	875	chr4	123342800	0.0259496
CH_JH_iEmu	875	chr5	54688000	1
CH_JH_iEmu	875	chr3	152108200	0.0109015
CH_JH_iEmu	875	chr17	14193600	1
CH_JH_iEmu	875	chr7	105126000	1
CH_JH_iEmu	875	chr13	46050200	1
CH_JH_iEmu	875	chr8	121834600	2.41792e-12
CH_JH_iEmu	875	chr12	111787600	1
CH_JH_iEmu	875	chr10	18887600	0.0824841
CH_JH_iEmu	875	chr19	22900600	1
CH_JH_iEmu	875	chr11	103002600	7.86684e-33
CH_JH_iEmu	875	chr2	172269000	1
CH_JH_iEmu	875	chr15	91055800	1
CH_JH_iEmu	875	chr2	116695000	1
CH_JH_iEmu	875	chr14	6345800	1
CH_JH_iEmu	875	chr1	134725000	4.45856e-05
CH_JH_iEmu	875	chr7	104072600	1
CH_JH_iEmu	875	chr5	123920000	0.625226
CH_JH_iEmu	875	chr7	45833600	0.0102793
CH_JH_iEmu	875	chr5	66475600	1
CH_JH_iEmu	875	chr17	70023800	1
CH_JH_iEmu	875	chr2	141951600	1
CH_JH_iEmu	875	chr19	4920600	1
CH_JH_iEmu	875	chr5	131257200	1
CH_JH_iEmu	875	chr15	5799600	1
CH_JH_iEmu	875	chr19	6857000	1
CH_JH_iEmu	875	chr9	19199200	1
CH_JH_iEmu	875	chr2	122641400	1
CH_JH_iEmu	875	chr1	172985000	1
CH_JH_iEmu	875	chr4	71205600	1
CH_JH_iEmu	875	chr12	19309000	1
CH_JH_iEmu	875	chr3	4965600	1
CH_JH_iEmu	875	chr9	110919200	1
CH_JH_iEmu	875	chr1	2006200	1
CH_JH_iEmu	875	chr1	1493600	1
CH_JH_iEmu	875	chr14	120272400	1
CH_JH_iEmu	875	chr4	124515400	1
CH_JH_iEmu	875	chr15	25540000	1
CH_JH_iEmu	875	chr12	6895200	1
CH_JH_iEmu	875	chr17	12539600	1
CH_JH_iEmu	875	chr11	92022000	1
CH_JH_iEmu	875	chr15	45739600	1
CH_JH_iEmu	875	chr3	6302800	1
CH_JH_iEmu	875	chr2	125093000	0.896353
CH_JH_iEmu	875	chr13	60468800	1
CH_JH_iEmu	875	chr9	12939800	1
CH_JH_iEmu	875	chr3	135842000	1
CH_JH_iEmu	875	chr13	6510200	0.129686
CH_JH_iEmu	875	chr4	29716000	1
CH_JH_iEmu	875	chr11	63163600	0.55432
CH_JH_iEmu	875	chr14	121299000	1
CH_JH_iEmu	875	chr1	15688800	1
CH_JH_iEmu	875	chr1	120968200	1
CH_JH_iEmu	875	chr16	44648800	9.44816e-22
CH_JH_iEmu	875	chr3	111852400	1
CH_JH_iEmu	875	chr2	137962600	1
CH_JH_iEmu	875	chr19	11135200	1
CH_JH_iEmu	875	chr7	77483800	1
CH_JH_iEmu	875	chr9	97780000	1
CH_JH_iEmu	875	chr18	13498800	1
CH_JH_iEmu	875	chr5	64633600	1
CH_JH_iEmu	875	chr11	70391800	1
CH_JH_iEmu	875	chr9	55359600	0.16099
CH_JH_iEmu	875	chr2	169709200	0.342293
CH_JH_iEmu	875	chr10	90548400	1
CH_JH_iEmu	875	chr10	51679800	1
CH_JH_iEmu	875	chr2	174523800	1
CH_JH_iEmu	875	chr4	21809800	2.16533e-06
CH_JH_iEmu	875	chr5	92580800	1
CH_JH_iEmu	875	chr9	119623800	1
CH_JH_iEmu	875	chr7	60775800	1
CH_JH_iEmu	875	chr3	150676600	1
CH_JH_iEmu	875	chr5	88254600	1
CH_JH_iEmu	875	chr1	58413200	0.484976
CH_JH_iEmu	875	chr10	55586200	1
CH_JH_iEmu	875	chr4	15200200	1
CH_JH_iEmu	875	chr8	73776800	1
CH_JH_iEmu	875	chr11	66663600	1
CH_JH_iEmu	875	chr9	80917000	1
CH_JH_iEmu	875	chr5	38720600	1
CH_JH_iEmu	875	chr8	100812800	1
CH_JH_iEmu	875	chr7	76297400	1
CH_JH_iEmu	875	chr6	92872400	0.341998
CH_JH_iEmu	875	chr10	104339000	1
CH_JH_iEmu	875	chr16	70707600	1
CH_JH_iEmu	875	chr17	79954200	0.226502
CH_JH_iEmu	875	chr8	64219000	1
CH_JH_iEmu	875	chr12	30677200	1
CH_JH_iEmu	875	chr15	33940000	1
CH_JH_iEmu	875	chr10	8129600	1
CH_JH_iEmu	875	chr1	22635400	1
CH_JH_iEmu	875	chr15	85186600	0.389896
CH_JH_iEmu	875	chr4	8776000	3.05797e-07
CH_JH_iEmu	875	chr5	73503600	1
CH_JH_iEmu	875	chr5	26246000	1
CH_JH_iEmu	875	chr13	106391400	1
CH_JH_iEmu	875	chr15	1995000	1
CH_JH_iEmu	875	chr15	42041400	1
CH_JH_iEmu	875	chr3	60830200	0.576018
CH_JH_iEmu	875	chr14	81598200	1
CH_JH_iEmu	875	chr6	18714000	1.32585e-12
CH_JH_iEmu	875	chr18	8756400	1
CH_JH_iEmu	875	chr12	119395200	1
CH_JH_iEmu	875	chr5	117112000	1
CH_JH_iEmu	875	chr11	82221400	1
CH_JH_iEmu	875	chr6	138623200	1
CH_JH_iEmu	875	chr1	125200800	1
CH_JH_iEmu	875	chr3	119254400	1
CH_JH_iEmu	875	chr3	83719600	0.673581
CH_JH_iEmu	875	chr3	68247000	1
CH_JH_iEmu	875	chr19	49932200	1
CH_JH_iEmu	875	chr8	25858000	1
CH_JH_iEmu	875	chr19	51504000	1
CH_JH_iEmu	875	chr2	92813600	1
CH_JH_iEmu	875	chr2	152411400	1
CH_JH_iEmu	875	chr7	110310200	1
CH_JH_iEmu	875	chr10	119804200	1
CH_JH_iEmu	875	chr3	24975800	1
CH_JH_iEmu	875	chr17	87002800	0.695883
CH_JH_iEmu	875	chr4	8654600	1.22741e-05
CH_JH_iEmu	875	chr5	29558000	0.659627
CH_JH_iEmu	875	chr14	61091000	0.835659
CH_JH_iEmu	875	chr10	3693600	1
CH_JH_iEmu	875	chr4	131720400	1
CH_JH_iEmu	875	chr9	103337400	0.423681
CH_JH_iEmu	875	chr9	50162000	1
CH_JH_iEmu	875	chr13	80778400	0.010448
CH_JH_iEmu	875	chr1	139478800	1
CH_JH_iEmu	875	chr8	47959800	1
CH_JH_iEmu	875	chr5	140712600	1
CH_JH_iEmu	875	chr10	109362800	1
CH_JH_iEmu	875	chr13	81976200	1
CH_JH_iEmu	875	chr10	111136400	1
CH_JH_iEmu	875	chr17	29109200	1
CH_JH_iEmu	875	chr15	61344800	1
CH_JH_iEmu	875	chr5	88057800	1
CH_JH_iEmu	875	chr8	63078800	1
CH_JH_iEmu	875	chr2	5479000	0.00931341
CH_JH_iEmu	875	chr17	36766600	1
CH_JH_iEmu	875	chr9	50288800	0.436496
CH_JH_iEmu	875	chr5	28160800	1
CH_JH_iEmu	875	chr3	41761600	1
CH_JH_iEmu	875	chr17	3703000	1
CH_JH_iEmu	875	chr7	61632600	1
CH_JH_iEmu	875	chr14	38219600	1
CH_JH_iEmu	875	chr1	80778200	1
CH_JH_iEmu	875	chr11	34304200	1
CH_JH_iEmu	875	chr9	87440800	1
CH_JH_iEmu	875	chr9	121501600	1
CH_JH_iEmu	875	chr10	125955000	1
CH_JH_iEmu	875	chr17	72383800	1
CH_JH_iEmu	875	chr13	34424600	1
CH_JH_iEmu	875	chr16	8696400	1
CH_JH_iEmu	875	chr13	13848400	0.632105
CH_JH_iEmu	875	chr7	93602800	1
CH_JH_iEmu	875	chr9	69406600	0.520828
CH_JH_iEmu	875	chr18	10187400	1
CH_JH_iEmu	875	chr5	146827800	1
CH_JH_iEmu	875	chr13	115370200	1
CH_JH_iEmu	875	chr6	110450200	1
CH_JH_iEmu	875	chr2	54226800	1
CH_JH_iEmu	875	chr12	6109400	1
CH_JH_iEmu	875	chr10	113296200	1
CH_JH_iEmu	875	chr10	43371600	0.699769
CH_JH_iEmu	875	chr7	141177400	1
CH_JH_iEmu	875	chr12	78519400	0.000866006
CH_JH_iEmu	875	chr8	10906000	0.113195
CH_JH_iEmu	875	chr12	32200800	1
CH_JH_iEmu	875	chr15	93345800	0.715858
CH_JH_iEmu	875	chr1	10618400	1
CH_JH_iEmu	875	chr1	72318400	1
CH_JH_iEmu	875	chr2	168511800	1
CH_JH_iEmu	875	chr11	82966000	4.14229e-07
CH_JH_iEmu	875	chr12	3213600	1
CH_JH_iEmu	875	chr13	103427200	1
CH_JH_iEmu	875	chr12	46960000	1
CH_JH_iEmu	875	chr4	8014400	1
CH_JH_iEmu	875	chr9	30844200	0.619622
CH_JH_iEmu	875	chr1	167683400	1
CH_JH_iEmu	875	chr10	33832600	0.00186696
CH_JH_iEmu	875	chr1	131665800	1
CH_JH_iEmu	875	chr6	105046800	1
CH_JH_iEmu	875	chr11	107957400	0.819764
CH_JH_iEmu	875	chr4	66123000	1
CH_JH_iEmu	875	chr6	127785400	1
CH_JH_iEmu	875	chr15	92493400	1
CH_JH_iEmu	875	chr14	36586000	1
CH_JH_iEmu	875	chr6	17792400	0.842625
CH_JH_iEmu	875	chr16	26767200	1
CH_JH_iEmu	875	chr3	107999400	0.906527
CH_JH_iEmu	875	chr5	14327800	1
CH_JH_iEmu	875	chr11	51911200	0.479558
CH_JH_iEmu	875	chr19	47670400	1
CH_JH_iEmu	875	chr5	116193000	0.0011634
CH_JH_iEmu	875	chr2	75014800	1
CH_JH_iEmu	875	chr14	22818200	2.71309e-05
CH_JH_iEmu	875	chr11	119321000	0.566264
CH_JH_iEmu	875	chr14	9953600	9.62702e-10
CH_JH_iEmu	875	chr17	36343800	1
CH_JH_iEmu	875	chr10	45114200	1
CH_JH_iEmu	875	chr6	20308600	1
CH_JH_iEmu	875	chr1	67803400	1
CH_JH_iEmu	875	chr1	40091600	1
CH_JH_iEmu	875	chr7	138620600	1
CH_JH_iEmu	875	chr5	94893400	1
CH_JH_iEmu	875	chr7	126540600	1
CH_JH_iEmu	875	chr13	59419800	0.556536
CH_JH_iEmu	875	chr5	82349800	1
CH_JH_iEmu	875	chr16	39258600	1
CH_JH_iEmu	875	chr5	35494400	1
CH_JH_iEmu	875	chr17	29055600	0.684772
CH_JH_iEmu	875	chr13	63132400	2.001e-11
CH_JH_iEmu	875	chr14	76559400	1
CH_JH_iEmu	875	chr5	97903600	0.00295104
CH_JH_iEmu	875	chr4	46137400	1
CH_JH_iEmu	875	chr3	52148000	0.423681
CH_JH_iEmu	875	chr16	1191200	1
CH_JH_iEmu	875	chr8	36775600	1
CH_JH_iEmu	875	chr12	69238400	0.0903249
CH_JH_iEmu	875	chr7	114289000	0.00447664
CH_JH_iEmu	875	chr10	122992600	0.000942567
CH_JH_iEmu	875	chr11	119576800	0.791563
CH_JH_iEmu	875	chr12	79196400	0.741209
CH_JH_iEmu	875	chr12	107968400	0.00668136
CH_JH_iEmu	875	chr3	29466000	1
CH_JH_iEmu	875	chr2	100730400	1
CH_JH_iEmu	875	chr9	41470000	1
CH_JH_iEmu	875	chr10	123943800	1
CH_JH_iEmu	875	chr7	20172800	1
CH_JH_iEmu	875	chr18	5342800	1
CH_JH_iEmu	875	chr2	52881400	1
CH_JH_iEmu	875	chr4	6450600	0.635329
CH_JH_iEmu	875	chr1	189747000	1
CH_JH_iEmu	875	chr10	59415800	0.1553
CH_JH_iEmu	875	chr5	8879200	1
CH_JH_iEmu	875	chr2	10314000	0.0344415
CH_JH_iEmu	875	chr6	114369200	1
CH_JH_iEmu	875	chr11	7784400	1
CH_JH_iEmu	875	chr3	155845600	1
CH_JH_iEmu	875	chr6	47110400	1
CH_JH_iEmu	875	chr7	23768800	1
CH_JH_iEmu	875	chr2	599800	1
CH_JH_iEmu	875	chr16	17859400	3.85727e-08
CH_JH_iEmu	875	chr10	2181400	1
CH_JH_iEmu	875	chr10	44039800	1
CH_JH_iEmu	875	chr7	78871600	1
CH_JH_iEmu	875	chr15	81710000	1
CH_JH_iEmu	875	chr4	36428000	1
CH_JH_iEmu	875	chr4	49602000	0.341998
CH_JH_iEmu	875	chr10	110763400	1
CH_JH_iEmu	875	chr4	105991000	1
CH_JH_iEmu	875	chr5	36900000	1
CH_JH_iEmu	875	chr1	179927400	0.0030264
CH_JH_iEmu	875	chr7	124348600	1
CH_JH_iEmu	875	chr2	130153000	0.545585
CH_JH_iEmu	875	chr1	61622400	0.362684
CH_JH_iEmu	875	chr17	14386600	1
DH_cluster	500	chr12	79351200	0.212565
DH_cluster	500	chr15	46720600	1
DH_cluster	500	chr11	26746200	1
DH_cluster	500	chr19	6004600	1
DH_cluster	500	chr13	86579800	1
DH_cluster	500	chr2	143651800	1
DH_cluster	500	chr7	72199000	0.19348
DH_cluster	500	chr17	35567600	1
DH_cluster	500	chr9	50483800	1
DH_cluster	500	chr7	118594200	0.00550842
DH_cluster	500	chr4	85947200	1
DH_cluster	500	chr1	168023800	1
DH_cluster	500	chr9	103422600	1
DH_cluster	500	chr13	83328600	1
DH_cluster	500	chr18	33473400	1
DH_cluster	500	chr16	65667800	1
DH_cluster	500	chr3	124543800	1
DH_cluster	500	chr10	65270000	1
DH_cluster	500	chr3	8285000	1
DH_cluster	500	chr11	110148800	1
DH_cluster	500	chr18	67206800	0.0476478
DH_cluster	500	chr5	135647800	0.140314
DH_cluster	500	chr10	47919400	1
DH_cluster	500	chr3	73233400	1
DH_cluster	500	chr10	19523000	0.0922411
DH_cluster	500	chr4	86908800	1
DH_cluster	500	chr7	97737800	3.57934e-17
DH_cluster	500	chr15	66169200	1
DH_cluster	500	chr5	104246800	1
DH_cluster	500	chr15	45700200	1
DH_cluster	500	chr6	119740200	0.692698
DH_cluster	500	chr5	36706600	1
DH_cluster	500	chr2	124175800	1
DH_cluster	500	chr3	127546800	0.240829
DH_cluster	500	chr12	2180600	1
DH_cluster	500	chr9	58587600	0.876061
DH_cluster	500	chr12	84927000	1
DH_cluster	500	chr7	73868200	1
DH_cluster	500	chr2	102949200	0.0930552
DH_cluster	500	chr2	81477000	1
DH_cluster	500	chr10	87691000	1
DH_cluster	500	chr8	12801000	1
DH_cluster	500	chr9	95135200	1
DH_cluster	500	chr8	12613200	1
DH_cluster	500	chr5	85492400	1
DH_cluster	500	chr1	67836800	1
DH_cluster	500	chr3	69351000	0.140314
DH_cluster	500	chr7	142650600	0.320497
DH_cluster	500	chr4	133826800	1
DH_cluster	500	chr1	166311000	1
DH_cluster	500	chr5	43002600	1
DH_cluster	500	chr9	16728000	1
DH_cluster	500	chr12	117447200	1
DH_cluster	500	chr7	96535600	1
DH_cluster	500	chr12	38642800	1
DH_cluster	500	chr1	33784000	1
DH_cluster	500	chr2	139227600	1
DH_cluster	500	chr7	103783800	1
DH_cluster	500	chr3	144254000	1
DH_cluster	500	chr2	90730800	1
DH_cluster	500	chr11	59182400	1
DH_cluster	500	chr5	102825800	1
DH_cluster	500	chr6	94019000	1
DH_cluster	500	chr2	21408600	1
DH_cluster	500	chr18	33002800	0.557139
DH_cluster	500	chr11	108603400	1
DH_cluster	500	chr4	118740800	1
DH_cluster	500	chr11	96047400	1.09344e-06
DH_cluster	500	chr4	71841200	1
DH_cluster	500	chr2	81190400	1
DH_cluster	500	chr7	131067400	1
DH_cluster	500	chr3	113894000	1
DH_cluster	500	chr14	39607800	1
DH_cluster	500	chr3	74383400	1
DH_cluster	500	chr13	102773800	0.0278417
DH_cluster	500	chr11	81187600	1
DH_cluster	500	chr9	54094400	1
DH_cluster	500	chr14	12306400	0.205199
DH_cluster	500	chr2	117909600	1
DH_cluster	500	chr7	114486800	0.138814
DH_cluster	500	chr10	8221600	1
DH_cluster	500	chr5	101036400	1
DH_cluster	500	chr2	26416200	1
DH_cluster	500	chr14	98440200	1
DH_cluster	500	chr17	15989000	1
DH_cluster	500	chr14	44256400	1
DH_cluster	500	chr1	32121200	1
DH_cluster	500	chr10	122465000	1
DH_cluster	500	chr12	9571600	1
DH_cluster	500	chr10	13392400	1
DH_cluster	500	chr10	58832400	1
DH_cluster	500	chr14	115406800	1
DH_cluster	500	chr10	103357000	1
DH_cluster	500	chr5	42480200	1
DH_cluster	500	chr8	110091800	1
DH_cluster	500	chr1	86171200	1
DH_cluster	500	chr15	3937600	1
DH_cluster	500	chr2	160438600	1
DH_cluster	500	chr8	41722200	1
DH_cluster	500	chr11	13034400	1
DH_cluster	500	chr4	40219200	1
DH_cluster	500	chr13	79405800	1
DH_cluster	500	chr13	40363000	1
DH_cluster	500	chr17	11588200	1
DH_cluster	500	chr4	36523800	1
DH_cluster	500	chr8	4804800	1
DH_cluster	500	chr6	46457400	1
DH_cluster	500	chr12	99339800	1
DH_cluster	500	chr5	30607400	1
DH_cluster	500	chr5	144285600	1
DH_cluster	500	chr10	116259800	1
DH_cluster	500	chr17	25009200	0.621341
DH_cluster	500	chr3	84282800	1
DH_cluster	500	chr7	7790000	1
DH_cluster	500	chr19	10196000	1
DH_cluster	500	chr13	104629600	0.000407462
DH_cluster	500	chr16	22952200	1
DH_cluster	500	chr8	115203200	0.467639
DH_cluster	500	chr5	6098000	1
DH_cluster	500	chr9	94787800	0.454097
DH_cluster	500	chr6	132605000	1
DH_cluster	500	chr13	13719200	2.05374e-14
DH_cluster	500	chr4	3779200	0.00990344
DH_cluster	500	chr4	144833800	0.694629
DH_cluster	500	chr2	14661600	7.43308e-09
DH_cluster	500	chr2	150475400	1
DH_cluster	500	chr3	57804600	0.692698
DH_cluster	500	chr16	57817000	1
DH_cluster	500	chr3	46039000	1
DH_cluster	500	chr12	36798600	1
DH_cluster	500	chr18	45044800	1
DH_cluster	500	chr2	91964000	1
DH_cluster	500	chr1	33975600	0.585319
DH_cluster	500	chr2	42601200	1
DH_cluster	500	chr11	115975400	1
DH_cluster	500	chr10	17154800	1
DH_cluster	500	chr11	91885200	1
DH_cluster	500	chr3	94096600	1
DH_cluster	500	chr12	3167600	1
DH_cluster	500	chr13	86823400	1
DH_cluster	500	chr2	80038000	1
DH_cluster	500	chr17	13938200	1
DH_cluster	500	chr6	145249600	0.0443384
DH_cluster	500	chr10	38962400	1
DH_cluster	500	chr9	40910800	1
DH_cluster	500	chr5	143917200	0.495079
DH_cluster	500	chr17	48753400	1
DH_cluster	500	chr8	5774200	1
DH_cluster	500	chr9	103891200	1
DH_cluster	500	chr2	20080400	1
DH_cluster	500	chr7	1278600	1
DH_cluster	500	chr14	117992600	4.18417e-21
DH_cluster	500	chr17	69011800	1
DH_cluster	500	chr10	105065400	1
DH_cluster	500	chr12	100637200	0.112211
DH_cluster	500	chr2	4638400	1
DH_cluster	500	chr15	26021000	1
DH_cluster	500	chr4	123931400	1
DH_cluster	500	chr8	98553400	1
DH_cluster	500	chr16	60583400	1
DH_cluster	500	chr14	37493400	1
DH_cluster	500	chr6	62319800	1
DH_cluster	500	chr7	18918600	1
DH_cluster	500	chr16	63278600	1
DH_cluster	500	chr7	78390600	1
DH_cluster	500	chr4	39130400	1
DH_cluster	500	chr13	99034000	1
DH_cluster	500	chr2	147429600	1
DH_cluster	500	chr1	91844000	1
DH_cluster	500	chr2	106766600	1
DH_cluster	500	chr15	34816800	0.136908
DH_cluster	500	chr2	57938400	1
DH_cluster	500	chr17	55663800	0.0997188
DH_cluster	500	chr5	27133400	1
DH_cluster	500	chr3	71717600	1
DH_cluster	500	chr1	23070200	1
DH_cluster	500	chr1	39596600	1
DH_cluster	500	chr1	34507400	1
DH_cluster	500	chr14	65041000	1
DH_cluster	500	chr6	124070200	1
DH_cluster	500	chr10	40772200	0.00532614
DH_cluster	500	chr16	75459200	1
DH_cluster	500	chr1	166554000	1
DH_cluster	500	chr3	141099000	1
DH_cluster	500	chr4	37838000	1
DH_cluster	500	chr14	116962000	1
DH_cluster	500	chr1	81378200	1
DH_cluster	500	chr6	137829000	0.0734151
DH_cluster	500	chr2	95498000	1
DH_cluster	500	chr15	11265000	1
DH_cluster	500	chr17	6654600	1.61514e-17
DH_cluster	500	chr2	151862400	0.63428
DH_cluster	500	chr17	77854600	1
DH_cluster	500	chr19	19837000	1
DH_cluster	500	chr12	96231800	1
DH_cluster	500	chr9	76731600	1
DH_cluster	500	chr2	139859800	0.000416729
DH_cluster	500	chr8	40926200	1
DH_cluster	500	chr15	53651200	1
DH_cluster	500	chr7	113000400	1
DH_cluster	500	chr9	49669600	0.300831
DH_cluster	500	chr4	10945000	1
DH_cluster	500	chr10	20628200	1
DH_cluster	500	chr7	86642400	1
DH_cluster	500	chr6	35445400	0.621341
DH_cluster	500	chr6	108482000	0.328869
DH_cluster	500	chr6	49745600	1
DH_cluster	500	chr11	28579400	1
DH_cluster	500	chr18	27483800	1
DH_cluster	500	chr17	79521800	0.118605
DH_cluster	500	chr5	72085200	1
DH_cluster	500	chr8	121602000	0.894143
DH_cluster	500	chr9	104632000	1
DH_cluster	500	chr12	67563400	1
DH_cluster	500	chr9	65319400	0.917246
DH_cluster	500	chr5	27499200	1
DH_cluster	500	chr3	116007800	1
DH_cluster	500	chr11	62311400	0.513115
DH_cluster	500	chr2	155324800	0.180232
DH_cluster	500	chr14	80416200	1
DH_cluster	500	chr13	11892200	1
DH_cluster	500	chr2	93907000	1
DH_cluster	500	chr2	169293200	1
DH_cluster	500	chr18	16794600	1
DH_cluster	500	chr14	100521800	1
DH_cluster	500	chr12	119252400	1
DH_cluster	500	chr18	72306600	1
DH_cluster	500	chr4	112641400	1
DH_cluster	500	chr2	106710800	1
DH_cluster	500	chr14	21715600	1
DH_cluster	500	chr8	22035600	1
DH_cluster	500	chr14	59262400	1
DH_cluster	500	chr8	59947800	1
DH_cluster	500	chr13	108057400	0.735624
DH_cluster	500	chr10	102593200	1
DH_cluster	500	chr14	18551000	0.06539
DH_cluster	500	chr2	167811600	1
DH_cluster	500	chr2	132089600	0.828121
DH_cluster	500	chr9	12091800	1
DH_cluster	500	chr7	134061400	1
DH_cluster	500	chr11	94112800	1
DH_cluster	500	chr5	109921800	0.00413503
DH_cluster	500	chr13	106008200	1
DH_cluster	500	chr4	124111000	1
DH_cluster	500	chr5	55803200	1
DH_cluster	500	chr3	151771000	1
DH_cluster	500	chr17	15145800	1
DH_cluster	500	chr7	107684400	1
DH_cluster	500	chr13	46137800	1
DH_cluster	500	chr8	120003600	0.481945
DH_cluster	500	chr12	110488400	1
DH_cluster	500	chr10	20661800	1
DH_cluster	500	chr19	24239000	0.637559
DH_cluster	500	chr11	103211800	1
DH_cluster	500	chr2	173011400	1
DH_cluster	500	chr15	88974400	1
DH_cluster	500	chr2	114892800	1
DH_cluster	500	chr14	4123200	1
DH_cluster	500	chr1	132000000	1
DH_cluster	500	chr7	105358000	1
DH_cluster	500	chr5	125576400	1
DH_cluster	500	chr7	45360400	1
DH_cluster	500	chr5	67954000	1
DH_cluster	500	chr17	69438200	1
DH_cluster	500	chr2	140069600	1
DH_cluster	500	chr19	5323800	1
DH_cluster	500	chr5	133381200	0.060852
DH_cluster	500	chr15	6065000	1
DH_cluster	500	chr19	8331400	1
DH_cluster	500	chr9	17778800	1
DH_cluster	500	chr2	124237800	1
DH_cluster	500	chr1	173899200	1
DH_cluster	500	chr4	72506200	1
DH_cluster	500	chr12	16927000	0.00740708
DH_cluster	500	chr3	2803600	1
DH_cluster	500	chr9	113544400	1
DH_cluster	500	chr1	1919200	1
DH_cluster	500	chr1	1976400	1
DH_cluster	500	chr14	121745800	0.174268
DH_cluster	500	chr4	123522000	1
DH_cluster	500	chr15	26260000	1
DH_cluster	500	chr12	7555800	1
DH_cluster	500	chr17	11641600	1
DH_cluster	500	chr11	94760600	1
DH_cluster	500	chr15	45676200	1
DH_cluster	500	chr3	6584200	1
DH_cluster	500	chr2	126861000	0.818708
DH_cluster	500	chr13	61794400	0.0324354
DH_cluster	500	chr9	10834000	1
DH_cluster	500	chr3	135699800	1
DH_cluster	500	chr13	7843400	1
DH_cluster	500	chr4	32104200	0.439783
DH_cluster	500	chr11	62555600	1
DH_cluster	500	chr14	122318800	1
DH_cluster	500	chr1	15362000	1
DH_cluster	500	chr1	121087000	1
DH_cluster	500	chr16	44733800	1
DH_cluster	500	chr3	114191000	1
DH_cluster	500	chr2	139764600	0.284074
DH_cluster	500	chr19	11086600	1
DH_cluster	500	chr7	80062000	1
DH_cluster	500	chr9	97649400	1
DH_cluster	500	chr18	13614400	1
DH_cluster	500	chr5	63863000	0.0634783
DH_cluster	500	chr11	69938000	1
DH_cluster	500	chr9	55413600	0.121371
DH_cluster	500	chr2	171275000	1
DH_cluster	500	chr10	90849000	1
DH_cluster	500	chr10	52199400	1
DH_cluster	500	chr2	177168000	0.247987
DH_cluster	500	chr4	21885200	0.000157704
DH_cluster	500	chr5	93541400	1
DH_cluster	500	chr9	120320600	1
DH_cluster	500	chr7	60066600	1
DH_cluster	500	chr3	150328000	1
DH_cluster	500	chr5	88870800	1
DH_cluster	500	chr1	60043600	0.00016583
DH_cluster	500	chr10	54544800	1
DH_cluster	500	chr4	15450600	1
DH_cluster	500	chr8	73386800	1
DH_cluster	500	chr11	65672400	0.000261756
DH_cluster	500	chr9	79897000	1
DH_cluster	500	chr5	36973400	1
DH_cluster	500	chr8	99723000	1
DH_cluster	500	chr7	77564600	1
DH_cluster	500	chr6	92028600	1
DH_cluster	500	chr10	104839800	1
DH_cluster	500	chr16	72406200	1
DH_cluster	500	chr17	80298400	1
DH_cluster	500	chr8	64947800	1
DH_cluster	500	chr12	29360800	1
DH_cluster	500	chr15	34534000	1
DH_cluster	500	chr10	7821800	0.472214
DH_cluster	500	chr1	24124200	1
DH_cluster	500	chr15	83224600	1
DH_cluster	500	chr4	8630000	0.401579
DH_cluster	500	chr5	73462800	1
DH_cluster	500	chr5	26202800	1
DH_cluster	500	chr13	108497800	1
DH_cluster	500	chr15	2099600	1
DH_cluster	500	chr15	42760800	1
DH_cluster	500	chr3	61350000	1
DH_cluster	500	chr14	83874000	1
DH_cluster	500	chr6	18204400	1
DH_cluster	500	chr18	7862000	0.769563
DH_cluster	500	chr12	118045600	1
DH_cluster	500	chr5	116607800	1
DH_cluster	500	chr11	84628600	1
DH_cluster	500	chr6	138347400	1
DH_cluster	500	chr1	126220600	0.00177103
DH_cluster	500	chr3	118851000	1
DH_cluster	500	chr3	83116200	1
DH_cluster	500	chr3	67251200	2.3623e-05
DH_cluster	500	chr19	48930200	1
DH_cluster	500	chr8	26387000	1
DH_cluster	500	chr19	49405200	1
DH_cluster	500	chr2	92824800	1
DH_cluster	500	chr2	149747600	1
DH_cluster	500	chr7	107960000	1
DH_cluster	500	chr10	117836400	1
DH_cluster	500	chr3	24092200	1
DH_cluster	500	chr17	88146000	1
DH_cluster	500	chr4	7942600	1
DH_cluster	500	chr5	31649400	1
DH_cluster	500	chr14	60489600	1
DH_cluster	500	chr10	3386200	1
DH_cluster	500	chr4	130932000	1
DH_cluster	500	chr9	104369800	1
DH_cluster	500	chr9	51814200	1
DH_cluster	500	chr13	79235000	1
DH_cluster	500	chr1	140982200	1
DH_cluster	500	chr8	48704800	1
DH_cluster	500	chr5	141119800	1
DH_cluster	500	chr10	109604600	1
DH_cluster	500	chr13	82808800	1
DH_cluster	500	chr10	111305400	1
DH_cluster	500	chr17	29898600	1
DH_cluster	500	chr15	62113000	0.666681
DH_cluster	500	chr5	87082800	1
DH_cluster	500	chr8	64044800	1
DH_cluster	500	chr2	4263800	1
DH_cluster	500	chr17	36893600	0.00391482
DH_cluster	500	chr9	48981600	0.10744
DH_cluster	500	chr5	27079000	1
DH_cluster	500	chr3	41895000	1
DH_cluster	500	chr17	3594400	1
DH_cluster	500	chr7	61684200	1
DH_cluster	500	chr14	40295600	1
DH_cluster	500	chr1	82482800	1
DH_cluster	500	chr11	34214600	1
DH_cluster	500	chr9	87661200	1
DH_cluster	500	chr9	121597000	1
DH_cluster	500	chr10	126022200	1
DH_cluster	500	chr17	71587400	1
DH_cluster	500	chr13	34674200	1
DH_cluster	500	chr16	7603400	1
DH_cluster	500	chr13	15236200	1
DH_cluster	500	chr7	93437800	1
DH_cluster	500	chr9	67756200	0.190706
DH_cluster	500	chr18	11355200	1
DH_cluster	500	chr5	146963400	1
DH_cluster	500	chr13	115862000	1
DH_cluster	500	chr6	110461200	1
DH_cluster	500	chr2	54610400	1
DH_cluster	500	chr12	7215800	1
DH_cluster	500	chr10	112332200	1
DH_cluster	500	chr10	43804400	1
DH_cluster	500	chr7	141363800	1
DH_cluster	500	chr12	78757800	0.944976
DH_cluster	500	chr8	11219400	1
DH_cluster	500	chr12	33286400	0.704426
DH_cluster	500	chr15	96152800	0.000107113
DH_cluster	500	chr1	12879800	1
DH_cluster	500	chr1	72261200	1
DH_cluster	500	chr2	169228800	1
DH_cluster	500	chr11	80671400	1
DH_cluster	500	chr12	2717400	1
DH_cluster	500	chr13	103029600	1
DH_cluster	500	chr12	46277200	1
DH_cluster	500	chr4	9070200	1
DH_cluster	500	chr9	28482200	1
DH_cluster	500	chr1	166603800	1
DH_cluster	500	chr10	36364800	1
DH_cluster	500	chr1	131601200	0.00022068
DH_cluster	500	chr6	103449600	1
DH_cluster	500	chr11	109549400	1
DH_cluster	500	chr4	63961600	1
DH_cluster	500	chr6	126507800	1
DH_cluster	500	chr15	92642800	1
DH_cluster	500	chr14	37846000	1
DH_cluster	500	chr6	19562800	1
DH_cluster	500	chr16	27403200	1
DH_cluster	500	chr3	109532600	0.0493306
DH_cluster	500	chr5	12815000	1
DH_cluster	500	chr11	52756200	1
DH_cluster	500	chr19	48877600	1
DH_cluster	500	chr5	116033800	1
DH_cluster	500	chr2	73711000	1
DH_cluster	500	chr14	24898400	1
DH_cluster	500	chr11	120607600	1.16914e-07
DH_cluster	500	chr14	9177000	1
DH_cluster	500	chr17	36206200	1
DH_cluster	500	chr10	45694800	1
DH_cluster	500	chr6	22647200	1
DH_cluster	500	chr1	67549200	1
DH_cluster	500	chr1	40262200	0.603966
DH_cluster	500	chr7	138578400	1
DH_cluster	500	chr5	97068400	0.585319
DH_cluster	500	chr7	127161600	1
DH_cluster	500	chr13	60452600	1
DH_cluster	500	chr5	82595600	1
DH_cluster	500	chr16	36923200	0.451172
DH_cluster	500	chr5	37370400	1
DH_cluster	500	chr17	30585200	0.505316
DH_cluster	500	chr13	64285600	1
DH_cluster	500	chr14	77448600	1
DH_cluster	500	chr5	99432000	1
DH_cluster	500	chr4	48321000	0.18863
DH_cluster	500	chr3	53322000	1
DH_cluster	500	chr16	1430400	1
DH_cluster	500	chr8	37142600	1
DH_cluster	500	chr12	70377800	0.568452
DH_cluster	500	chr7	112150000	1
DH_cluster	500	chr10	123775600	1
DH_cluster	500	chr11	120663600	1
DH_cluster	500	chr12	80488800	1
DH_cluster	500	chr12	106530000	0.000725662
DH_cluster	500	chr3	27910600	1
DH_cluster	500	chr2	101940800	1
DH_cluster	500	chr9	40738200	5.39136e-11
DH_cluster	500	chr10	124232000	1
DH_cluster	500	chr7	21896200	1
DH_cluster	500	chr18	5929600	0.851393
DH_cluster	500	chr2	55449000	1
DH_cluster	500	chr4	8416600	1
DH_cluster	500	chr1	190522400	1
DH_cluster	500	chr10	59868000	3.37081e-15
DH_cluster	500	chr5	8342200	1
DH_cluster	500	chr2	11009800	1
DH_cluster	500	chr6	116448800	1
DH_cluster	500	chr11	8309800	1
DH_cluster	500	chr3	154869600	1
DH_cluster	500	chr6	44431600	1
DH_cluster	500	chr7	23772200	1
DH_cluster	500	chr2	1766800	1
DH_cluster	500	chr16	16840600	1
DH_cluster	500	chr10	1754600	1
DH_cluster	500	chr10	43147600	0.735624
DH_cluster	500	chr7	80246600	1
DH_cluster	500	chr15	81030400	0.713258
DH_cluster	500	chr4	36182400	1
DH_cluster	500	chr4	49866200	1
DH_cluster	500	chr10	111309800	1
DH_cluster	500	chr4	105413000	1
DH_cluster	500	chr5	37839600	1
DH_cluster	500	chr1	180860400	0.704426
DH_cluster	500	chr7	123318600	0.328869
DH_cluster	500	chr2	129620200	1
DH_cluster	500	chr1	62043600	1
DH_cluster	500	chr17	15383400	0.910545
VH_proximal	7150	chr12	77827000	4.37428e-24
VH_proximal	7150	chr15	44757400	1
VH_proximal	7150	chr11	24911800	0.000301831
VH_proximal	7150	chr19	5678400	0.933123
VH_proximal	7150	chr13	84342200	1
VH_proximal	7150	chr2	142312400	0.127679
VH_proximal	7150	chr7	72561000	1
VH_proximal	7150	chr17	34329600	2.09617e-28
VH_proximal	7150	chr9	49363400	0.310948
VH_proximal	7150	chr7	117443200	0.00229924
VH_proximal	7150	chr4	85737800	1
VH_proximal	7150	chr1	165597600	1
VH_proximal	7150	chr9	101101000	1
VH_proximal	7150	chr13	83070600	3.1825e-07
VH_proximal	7150	chr18	31373200	0.01668
VH_proximal	7150	chr16	65949600	1
VH_proximal	7150	chr3	123374400	0.88706
VH_proximal	7150	chr10	64785800	1
VH_proximal	7150	chr3	7157600	1
VH_proximal	7150	chr11	110947400	1
VH_proximal	7150	chr18	66639600	0.592205
VH_proximal	7150	chr5	134977000	0.312054
VH_proximal	7150	chr10	48523600	1
VH_proximal	7150	chr3	73251000	1
VH_proximal	7150	chr10	17892600	0.0017127
VH_proximal	7150	chr4	87397800	5.56161e-06
VH_proximal	7150	chr7	96682000	1.32013e-10
VH_proximal	7150	chr15	63817000	0.000362666
VH_proximal	7150	chr5	104803400	0.000580512
VH_proximal	7150	chr15	44389000	0.0336731
VH_proximal	7150	chr6	118422600	0.0250963
VH_proximal	7150	chr5	36145400	0.946565
VH_proximal	7150	chr2	122814400	1
VH_proximal	7150	chr3	126533200	1.11351e-05
VH_proximal	7150	chr12	2042400	0.919923
VH_proximal	7150	chr9	58212000	0.382634
VH_proximal	7150	chr12	83909800	0.270803
VH_proximal	7150	chr7	73146000	0.709671
VH_proximal	7150	chr2	102061000	0.00521722
VH_proximal	7150	chr2	78813400	0.492802
VH_proximal	7150	chr10	85991000	0.283696
VH_proximal	7150	chr8	10806200	0.0525417
VH_proximal	7150	chr9	93345000	0.641511
VH_proximal	7150	chr8	12745000	0.238623
VH_proximal	7150	chr5	84144800	1
VH_proximal	7150	chr1	68098200	0.304999
VH_proximal	7150	chr3	68720400	0.000184021
VH_proximal	7150	chr7	142658600	0.798093
VH_proximal	7150	chr4	131263000	0.0357811
VH_proximal	7150	chr1	165355600	0.354462
VH_proximal	7150	chr5	42585200	0.0488018
VH_proximal	7150	chr9	16712800	1
VH_proximal	7150	chr12	117035800	3.2396e-14
VH_proximal	7150	chr7	94961400	1
VH_proximal	7150	chr12	38158600	1
VH_proximal	7150	chr1	32723400	0.110054
VH_proximal	7150	chr2	138421600	1
VH_proximal	7150	chr7	103116200	0.00877331
VH_proximal	7150	chr3	141729600	0.0030179
VH_proximal	7150	chr2	90474400	0.000663091
VH_proximal	7150	chr11	59544400	0.0282834
VH_proximal	7150	chr5	102344800	0.955752
VH_proximal	7150	chr6	93623400	1
VH_proximal	7150	chr2	21527000	0.786973
VH_proximal	7150	chr18	33605200	0.056169
VH_proximal	7150	chr11	109360800	0.376226
VH_proximal	7150	chr4	117530600	0.933097
VH_proximal	7150	chr11	94402200	0.954117
VH_proximal	7150	chr4	69242200	0.0386103
VH_proximal	7150	chr2	80478600	0.0441052
VH_proximal	7150	chr7	129088000	0.19631
VH_proximal	7150	chr3	113468800	0.757274
VH_proximal	7150	chr14	37290400	1
VH_proximal	7150	chr3	73428200	1
VH_proximal	7150	chr13	101670000	0.573038
VH_proximal	7150	chr11	79426800	0.573613
VH_proximal	7150	chr9	53934000	0.151841
VH_proximal	7150	chr14	12150800	0.692662
VH_proximal	7150	chr2	117835400	0.0550353
VH_proximal	7150	chr7	112400600	0.185203
VH_proximal	7150	chr10	6210400	4.29366e-09
VH_proximal	7150	chr5	99528400	0.834299
VH_proximal	7150	chr2	25970200	0.193438
VH_proximal	7150	chr14	98201200	0.0336731
VH_proximal	7150	chr17	16284800	0.000682918
VH_proximal	7150	chr14	43081000	0.360513
VH_proximal	7150	chr1	30193600	0.0488018
VH_proximal	7150	chr10	123381200	1
VH_proximal	7150	chr12	7641400	5.04264e-08
VH_proximal	7150	chr10	12004000	0.0135034
VH_proximal	7150	chr10	57332400	0.908053
VH_proximal	7150	chr14	115897400	1
VH_proximal	7150	chr10	103832800	0.794454
VH_proximal	7150	chr5	40733000	0.0178562
VH_proximal	7150	chr8	108064400	0.369166
VH_proximal	7150	chr1	85920200	0.753556
VH_proximal	7150	chr15	2391000	0.647871
VH_proximal	7150	chr2	161942000	0.932817
VH_proximal	7150	chr8	40714400	0.590882
VH_proximal	7150	chr11	14240400	1
VH_proximal	7150	chr4	38011200	1
VH_proximal	7150	chr13	78134200	0.283732
VH_proximal	7150	chr13	38892200	0.70967
VH_proximal	7150	chr17	10035600	0.921324
VH_proximal	7150	chr4	37460600	1
VH_proximal	7150	chr8	4751600	0.647871
VH_proximal	7150	chr6	46420400	0.533812
VH_proximal	7150	chr12	97906400	0.55557
VH_proximal	7150	chr5	30937000	1.83728e-17
VH_proximal	7150	chr5	142554600	0.377966
VH_proximal	7150	chr10	116362800	0.482997
VH_proximal	7150	chr17	24200200	0.168752
VH_proximal	7150	chr3	84427200	0.747422
VH_proximal	7150	chr7	7341600	1
VH_proximal	7150	chr19	10114400	0.026261
VH_proximal	7150	chr13	105535200	0.932554
VH_proximal	7150	chr16	22321800	0.906298
VH_proximal	7150	chr8	114240400	0.0306885
VH_proximal	7150	chr5	4941600	0.361274
VH_proximal	7150	chr9	93977200	0.00551585
VH_proximal	7150	chr6	131153800	0.665049
VH_proximal	7150	chr13	11459000	0.699142
VH_proximal	7150	chr4	1142800	1
VH_proximal	7150	chr4	145039000	8.21393e-15
VH_proximal	7150	chr2	12223600	0.722179
VH_proximal	7150	chr2	150196000	8.75036e-15
VH_proximal	7150	chr3	58916600	0.970885
VH_proximal	7150	chr16	58667200	1
VH_proximal	7150	chr3	45138400	1
VH_proximal	7150	chr12	37774600	0.704809
VH_proximal	7150	chr18	43938600	0.685877
VH_proximal	7150	chr2	91125400	0.0294175
VH_proximal	7150	chr1	33794000	0.340991
VH_proximal	7150	chr2	41636400	1
VH_proximal	7150	chr11	115545000	1.28638e-06
VH_proximal	7150	chr10	16216000	1
VH_proximal	7150	chr11	92414000	1
VH_proximal	7150	chr3	91648000	0.665049
VH_proximal	7150	chr12	4310600	0.0306991
VH_proximal	7150	chr13	84945200	1
VH_proximal	7150	chr2	78712600	0.488878
VH_proximal	7150	chr17	12939200	4.09446e-16
VH_proximal	7150	chr6	143416200	0.933034
VH_proximal	7150	chr10	38975000	0.0208502
VH_proximal	7150	chr9	39778400	0.00220413
VH_proximal	7150	chr5	143064400	0.238623
VH_proximal	7150	chr17	46893200	0.264475
VH_proximal	7150	chr8	3634600	0.0336731
VH_proximal	7150	chr9	102512000	0.078232
VH_proximal	7150	chr2	19240600	1
VH_proximal	7150	chr7	1300000	1
VH_proximal	7150	chr14	118015200	1.21088e-08
VH_proximal	7150	chr17	69089800	0.822254
VH_proximal	7150	chr10	102729200	1
VH_proximal	7150	chr12	100172200	0.324821
VH_proximal	7150	chr2	4778400	1.29584e-09
VH_proximal	7150	chr15	26566200	0.692662
VH_proximal	7150	chr4	122911200	0.260064
VH_proximal	7150	chr8	96738400	1
VH_proximal	7150	chr16	59029800	1
VH_proximal	7150	chr14	35310400	0.919923
VH_proximal	7150	chr6	61636000	1
VH_proximal	7150	chr7	17308800	1
VH_proximal	7150	chr16	62324200	0.857162
VH_proximal	7150	chr7	76821200	1
VH_proximal	7150	chr4	38313600	1
VH_proximal	7150	chr13	99027600	0.499567
VH_proximal	7150	chr2	147532800	0.169523
VH_proximal	7150	chr1	93092800	0.0384252
VH_proximal	7150	chr2	106853600	1
VH_proximal	7150	chr15	33711800	2.35209e-05
VH_proximal	7150	chr2	57079200	2.05991e-05
VH_proximal	7150	chr17	56285000	0.709264
VH_proximal	7150	chr5	24854200	3.36964e-09
VH_proximal	7150	chr3	72011000	0.449669
VH_proximal	7150	chr1	23348800	1.17159e-08
VH_proximal	7150	chr1	39147000	0.591539
VH_proximal	7150	chr1	34956200	0.950469
VH_proximal	7150	chr14	63551400	0.2967
VH_proximal	7150	chr6	121840000	0.00675588
VH_proximal	7150	chr10	42177800	0.0140446
VH_proximal	7150	chr16	75848600	4.30061e-05
VH_proximal	7150	chr1	164305400	0.00234189
VH_proximal	7150	chr3	141148400	0.0525417
VH_proximal	7150	chr4	37256400	1
VH_proximal	7150	chr14	116012800	1
VH_proximal	7150	chr1	80086200	0.228446
VH_proximal	7150	chr6	136476800	0.00500036
VH_proximal	7150	chr2	95405400	1
VH_proximal	7150	chr15	11497200	0.154108
VH_proximal	7150	chr17	5943000	1.38826e-71
VH_proximal	7150	chr2	150280000	2.90548e-08
VH_proximal	7150	chr17	78809000	0.496295
VH_proximal	7150	chr19	20002200	0.203367
VH_proximal	7150	chr12	94876200	1
VH_proximal	7150	chr9	76164400	1
VH_proximal	7150	chr2	140417400	1
VH_proximal	7150	chr8	41437600	1
VH_proximal	7150	chr15	53139800	0.30359
VH_proximal	7150	chr7	113010000	0.00237333
VH_proximal	7150	chr9	48191000	0.575817
VH_proximal	7150	chr4	9734200	0.620952
VH_proximal	7150	chr10	18963600	0.208988
VH_proximal	7150	chr7	86006600	0.60907
VH_proximal	7150	chr6	35058600	0.361274
VH_proximal	7150	chr6	109017000	1
VH_proximal	7150	chr6	48630000	0.000180181
VH_proximal	7150	chr11	29674000	0.00509388
VH_proximal	7150	chr18	27481600	0.665049
VH_proximal	7150	chr17	78553800	0.122173
VH_proximal	7150	chr5	71876800	0.149797
VH_proximal	7150	chr8	121658800	0.532026
VH_proximal	7150	chr9	104594800	0.274516
VH_proximal	7150	chr12	65588000	1
VH_proximal	7150	chr9	65940400	0.0184267
VH_proximal	7150	chr5	27637000	0.120483
VH_proximal	7150	chr3	116615800	0.597805
VH_proximal	7150	chr11	60033200	0.311907
VH_proximal	7150	chr2	154314400	0.000320217
VH_proximal	7150	chr14	78153000	1.48065e-14
VH_proximal	7150	chr13	11721800	0.699142
VH_proximal	7150	chr2	94912400	1
VH_proximal	7150	chr2	167806600	0.0402322
VH_proximal	7150	chr18	15460000	1
VH_proximal	7150	chr14	97944600	0.0866057
VH_proximal	7150	chr12	116953400	3.2396e-14
VH_proximal	7150	chr18	69942600	2.57337e-05
VH_proximal	7150	chr4	111065200	0.08303
VH_proximal	7150	chr2	106573800	1
VH_proximal	7150	chr14	21113200	0.283217
VH_proximal	7150	chr8	22361200	1
VH_proximal	7150	chr14	58769800	3.71669e-11
VH_proximal	7150	chr8	60092000	0.161061
VH_proximal	7150	chr13	109389000	0.584848
VH_proximal	7150	chr10	102858800	1
VH_proximal	7150	chr14	18019600	0.655595
VH_proximal	7150	chr2	167936800	0.544848
VH_proximal	7150	chr2	130261800	0.571046
VH_proximal	7150	chr9	10880600	1
VH_proximal	7150	chr7	132826800	0.0743176
VH_proximal	7150	chr11	92406000	1
VH_proximal	7150	chr5	110488400	0.328125
VH_proximal	7150	chr13	106487800	1.67115e-14
VH_proximal	7150	chr4	122667400	0.260064
VH_proximal	7150	chr5	54574000	1
VH_proximal	7150	chr3	152407600	0.178579
VH_proximal	7150	chr17	13699000	5.16866e-05
VH_proximal	7150	chr7	105386200	2.22596e-06
VH_proximal	7150	chr13	46630000	0.882801
VH_proximal	7150	chr8	121087000	0.0012106
VH_proximal	7150	chr12	109700800	2.64258e-08
VH_proximal	7150	chr10	19114200	0.246412
VH_proximal	7150	chr19	23572800	0.454925
VH_proximal	7150	chr11	100862600	0.191351
VH_proximal	7150	chr2	170968000	1
VH_proximal	7150	chr15	89403800	0.704809
VH_proximal	7150	chr2	114263400	0.0027265
VH_proximal	7150	chr14	4278600	1
VH_proximal	7150	chr1	132275800	0.877096
VH_proximal	7150	chr7	103163400	0.00877331
VH_proximal	7150	chr5	123439400	0.231203
VH_proximal	7150	chr7	45667600	0.0703801
VH_proximal	7150	chr5	66185000	0.3829
VH_proximal	7150	chr17	68316800	0.822254
VH_proximal	7150	chr2	140183000	1
VH_proximal	7150	chr19	3906000	0.0389293
VH_proximal	7150	chr5	131121200	1
VH_proximal	7150	chr15	5878400	3.88263e-06
VH_proximal	7150	chr19	7107600	1.14588e-07
VH_proximal	7150	chr9	17927600	0.499845
VH_proximal	7150	chr2	122922000	1
VH_proximal	7150	chr1	173008400	0.000926174
VH_proximal	7150	chr4	70543000	1
VH_proximal	7150	chr12	17195600	0.821549
VH_proximal	7150	chr3	2485000	1
VH_proximal	7150	chr9	111063400	1.07781e-06
VH_proximal	7150	chr1	1513200	1
VH_proximal	7150	chr1	1270000	1
VH_proximal	7150	chr14	119411400	1
VH_proximal	7150	chr4	124530000	0.677511
VH_proximal	7150	chr15	25576800	0.723959
VH_proximal	7150	chr12	7369200	4.40452e-09
VH_proximal	7150	chr17	12600800	1.38677e-18
VH_proximal	7150	chr11	92242800	1
VH_proximal	7150	chr15	45749200	1
VH_proximal	7150	chr3	7715200	2.40885e-06
VH_proximal	7150	chr2	125894600	0.00243793
VH_proximal	7150	chr13	59859200	0.45927
VH_proximal	7150	chr9	10878800	1
VH_proximal	7150	chr3	133635000	1
VH_proximal	7150	chr13	6363200	0.641273
VH_proximal	7150	chr4	29884600	1
VH_proximal	7150	chr11	63488400	1
VH_proximal	7150	chr14	120458600	0.822254
VH_proximal	7150	chr1	14228600	0.449472
VH_proximal	7150	chr1	119868000	0.932958
VH_proximal	7150	chr16	43916400	2.07019e-08
VH_proximal	7150	chr3	111713200	1
VH_proximal	7150	chr2	138541400	0.0488018
VH_proximal	7150	chr19	12237800	1
VH_proximal	7150	chr7	78319000	0.260064
VH_proximal	7150	chr9	96683200	0.787768
VH_proximal	7150	chr18	13128200	1
VH_proximal	7150	chr5	63642600	0.00348087
VH_proximal	7150	chr11	68895000	0.959169
VH_proximal	7150	chr9	54163200	0.362239
VH_proximal	7150	chr2	169252400	0.620952
VH_proximal	7150	chr10	88236600	0.692662
VH_proximal	7150	chr10	52986000	0.0357811
VH_proximal	7150	chr2	175701000	0.00204788
VH_proximal	7150	chr4	21475600	0.029768
VH_proximal	7150	chr5	91937600	0.0178562
VH_proximal	7150	chr9	118193200	0.992767
VH_proximal	7150	chr7	59651200	1
VH_proximal	7150	chr3	149856000	0.926184
VH_proximal	7150	chr5	88770600	0.354756
VH_proximal	7150	chr1	58462200	0.570224
VH_proximal	7150	chr10	53600000	0.053583
VH_proximal	7150	chr4	14814200	0.00472654
VH_proximal	7150	chr8	73606200	1
VH_proximal	7150	chr11	65353200	0.3829
VH_proximal	7150	chr9	80289800	1
VH_proximal	7150	chr5	36808000	0.955908
VH_proximal	7150	chr8	100670000	1
VH_proximal	7150	chr7	77021800	1
VH_proximal	7150	chr6	92533200	0.507197
VH_proximal	7150	chr10	103229800	1
VH_proximal	7150	chr16	71530600	1
VH_proximal	7150	chr17	78437800	0.626317
VH_proximal	7150	chr8	64490400	0.0012638
VH_proximal	7150	chr12	30424000	0.00730437
VH_proximal	7150	chr15	32985600	0.0640173
VH_proximal	7150	chr10	5393600	1
VH_proximal	7150	chr1	23657800	3.60086e-07
VH_proximal	7150	chr15	83233600	0.896815
VH_proximal	7150	chr4	9776000	0.622858
VH_proximal	7150	chr5	73554000	0.45927
VH_proximal	7150	chr5	26211000	1
VH_proximal	7150	chr13	106624200	6.86201e-11
VH_proximal	7150	chr15	1678800	1
VH_proximal	7150	chr15	43560800	0.37262
VH_proximal	7150	chr3	58820800	0.969835
VH_proximal	7150	chr14	81934800	1
VH_proximal	7150	chr6	18388200	0.0656924
VH_proximal	7150	chr18	7834200	0.199881
VH_proximal	7150	chr12	117342200	3.2396e-14
VH_proximal	7150	chr5	115458400	0.754523
VH_proximal	7150	chr11	82793200	0.000431218
VH_proximal	7150	chr6	137166400	0.199069
VH_proximal	7150	chr1	123949000	1
VH_proximal	7150	chr3	120118800	0.647871
VH_proximal	7150	chr3	83721200	0.00167806
VH_proximal	7150	chr3	67167000	0.20068
VH_proximal	7150	chr19	50307800	1
VH_proximal	7150	chr8	26653800	1
VH_proximal	7150	chr19	49356400	1
VH_proximal	7150	chr2	91319200	0.0569002
VH_proximal	7150	chr2	150787600	0.993791
VH_proximal	7150	chr7	107998200	1
VH_proximal	7150	chr10	118383400	0.0703801
VH_proximal	7150	chr3	24069000	0.449669
VH_proximal	7150	chr17	87313800	0.449255
VH_proximal	7150	chr4	8180000	0.15032
VH_proximal	7150	chr5	29227000	0.747373
VH_proximal	7150	chr14	60269800	0.280823
VH_proximal	7150	chr10	3102600	0.889193
VH_proximal	7150	chr4	129709600	0.955908
VH_proximal	7150	chr9	104096200	0.131486
VH_proximal	7150	chr9	49438400	0.493092
VH_proximal	7150	chr13	79834800	0.311368
VH_proximal	7150	chr1	140819600	1
VH_proximal	7150	chr8	47836000	0.708266
VH_proximal	7150	chr5	138792400	0.275881
VH_proximal	7150	chr10	109394800	1
VH_proximal	7150	chr13	81508200	0.889101
VH_proximal	7150	chr10	109300800	1
VH_proximal	7150	chr17	28617600	0.699142
VH_proximal	7150	chr15	60332400	0.933123
VH_proximal	7150	chr5	87801200	0.907496
VH_proximal	7150	chr8	63792600	0.00025436
VH_proximal	7150	chr2	4046000	6.3492e-07
VH_proximal	7150	chr17	38269600	1
VH_proximal	7150	chr9	47936600	0.882801
VH_proximal	7150	chr5	26558000	0.933075
VH_proximal	7150	chr3	41671200	0.620952
VH_proximal	7150	chr17	2969600	0.015283
VH_proximal	7150	chr7	60849400	1
VH_proximal	7150	chr14	38920600	1
VH_proximal	7150	chr1	80097200	0.228446
VH_proximal	7150	chr11	33554000	0.029768
VH_proximal	7150	chr9	87547200	2.64959e-30
VH_proximal	7150	chr9	120600400	7.27908e-05
VH_proximal	7150	chr10	126654400	0.794454
VH_proximal	7150	chr17	70605200	0.000464878
VH_proximal	7150	chr13	34424000	0.794651
VH_proximal	7150	chr16	8691400	1
VH_proximal	7150	chr13	14188600	0.641512
VH_proximal	7150	chr7	93951000	1
VH_proximal	7150	chr9	68502000	0.763468
VH_proximal	7150	chr18	9899000	0.000481193
VH_proximal	7150	chr5	146857600	0.932554
VH_proximal	7150	chr13	115129800	1
VH_proximal	7150	chr6	110321400	1
VH_proximal	7150	chr2	53868600	1
VH_proximal	7150	chr12	5185000	1
VH_proximal	7150	chr10	112659000	1
VH_proximal	7150	chr10	41992800	0.0128606
VH_proximal	7150	chr7	140297800	0.00819622
VH_proximal	7150	chr12	77611000	1.19891e-32
VH_proximal	7150	chr8	12098200	0.929435
VH_proximal	7150	chr12	32724200	0.691317
VH_proximal	7150	chr15	93383600	0.633465
VH_proximal	7150	chr1	11351400	1
VH_proximal	7150	chr1	72065200	1
VH_proximal	7150	chr2	168295200	0.544848
VH_proximal	7150	chr11	81538400	0.889237
VH_proximal	7150	chr12	1485600	1
VH_proximal	7150	chr13	102477800	0.579388
VH_proximal	7150	chr12	45695000	1
VH_proximal	7150	chr4	8339200	0.000955498
VH_proximal	7150	chr9	29179800	1
VH_proximal	7150	chr1	165171600	0.222987
VH_proximal	7150	chr10	34310200	0.907496
VH_proximal	7150	chr1	130872800	4.47072e-05
VH_proximal	7150	chr6	103985400	1
VH_proximal	7150	chr11	108009600	0.794639
VH_proximal	7150	chr4	64917800	1
VH_proximal	7150	chr6	125100400	1
VH_proximal	7150	chr15	92510000	8.4966e-05
VH_proximal	7150	chr14	37074200	1
VH_proximal	7150	chr6	17493000	4.58665e-06
VH_proximal	7150	chr16	27716200	1
VH_proximal	7150	chr3	108061000	0.729477
VH_proximal	7150	chr5	12699400	0.665049
VH_proximal	7150	chr11	51155200	3.08955e-09
VH_proximal	7150	chr19	48350800	1
VH_proximal	7150	chr5	116212000	0.00292272
VH_proximal	7150	chr2	73457400	0.726154
VH_proximal	7150	chr14	23615600	0.700598
VH_proximal	7150	chr11	120142000	1.42586e-22
VH_proximal	7150	chr14	7716400	0.995974
VH_proximal	7150	chr17	37299600	1
VH_proximal	7150	chr10	45128200	0.0104258
VH_proximal	7150	chr6	21182200	0.0488018
VH_proximal	7150	chr1	67994800	1
VH_proximal	7150	chr1	39215600	0.00382521
VH_proximal	7150	chr7	138009800	0.257352
VH_proximal	7150	chr5	95265400	0.000470022
VH_proximal	7150	chr7	126997000	0.678809
VH_proximal	7150	chr13	60327200	0.45927
VH_proximal	7150	chr5	81778600	0.117174
VH_proximal	7150	chr16	37152600	0.795191
VH_proximal	7150	chr5	36295600	0.680485
VH_proximal	7150	chr17	28503800	0.699142
VH_proximal	7150	chr13	62807400	0.00690086
VH_proximal	7150	chr14	75549400	0.633937
VH_proximal	7150	chr5	97757600	0.142621
VH_proximal	7150	chr4	47576400	1.66586e-29
VH_proximal	7150	chr3	51351000	8.00686e-05
VH_proximal	7150	chr16	1331600	1
VH_proximal	7150	chr8	35954800	0.449669
VH_proximal	7150	chr12	69525200	0.605768
VH_proximal	7150	chr7	112191200	0.177309
VH_proximal	7150	chr10	122449400	0.0302899
VH_proximal	7150	chr11	119901800	3.434e-24
VH_proximal	7150	chr12	79483400	0.506775
VH_proximal	7150	chr12	105796800	0.000778893
VH_proximal	7150	chr3	27662600	0.0302899
VH_proximal	7150	chr2	100841400	0.957967
VH_proximal	7150	chr9	39501400	0.00220413
VH_proximal	7150	chr10	122000000	0.000163924
VH_proximal	7150	chr7	20950200	1
VH_proximal	7150	chr18	3658400	0.368947
VH_proximal	7150	chr2	52903800	0.794567
VH_proximal	7150	chr4	6330800	0.0513678
VH_proximal	7150	chr1	190892800	0.0141864
VH_proximal	7150	chr10	59468800	0.168573
VH_proximal	7150	chr5	8422600	3.1825e-07
VH_proximal	7150	chr2	9219600	0.975631
VH_proximal	7150	chr6	114596200	0.489015
VH_proximal	7150	chr11	8824000	0.449669
VH_proximal	7150	chr3	154318600	1
VH_proximal	7150	chr6	44509200	1
VH_proximal	7150	chr7	21798000	1
VH_proximal	7150	chr2	736600	1
VH_proximal	7150	chr16	17085400	0.00869091
VH_proximal	7150	chr10	440600	1
VH_proximal	7150	chr10	44009000	0.959159
VH_proximal	7150	chr7	79585000	4.05483e-05
VH_proximal	7150	chr15	80334200	0.111005
VH_proximal	7150	chr4	36512800	1
VH_proximal	7150	chr4	50027400	1
VH_proximal	7150	chr10	111531800	1
VH_proximal	7150	chr4	105099800	0.0772805
VH_proximal	7150	chr5	37203600	0.015308
VH_proximal	7150	chr1	179333600	0.103752
VH_proximal	7150	chr7	123200800	0.919923
VH_proximal	7150	chr2	127528600	0.367295
VH_proximal	7150	chr1	61682600	0.267674
VH_proximal	7150	chr17	12899800	4.95493e-12
VH_distal	5500	chr12	77364800	1.48463e-29
VH_distal	5500	chr15	44444800	0.0329538
VH_distal	5500	chr11	24093800	1
VH_distal	5500	chr19	7473200	5.96846e-09
VH_distal	5500	chr13	84351000	1
VH_distal	5500	chr2	140864000	1
VH_distal	5500	chr7	71281200	3.53621e-18
VH_distal	5500	chr17	34336800	2.91325e-29
VH_distal	5500	chr9	49947200	0.156134
VH_distal	5500	chr7	118767600	0.927658
VH_distal	5500	chr4	86547600	1
VH_distal	5500	chr1	166271600	0.0114159
VH_distal	5500	chr9	100723200	0.00151964
VH_distal	5500	chr13	83735400	0.789935
VH_distal	5500	chr18	31132000	0.00100549
VH_distal	5500	chr16	65737200	1
VH_distal	5500	chr3	122978000	0.93168
VH_distal	5500	chr10	65280000	1
VH_distal	5500	chr3	7489600	1
VH_distal	5500	chr11	111041600	1
VH_distal	5500	chr18	66123000	0.638765
VH_distal	5500	chr5	135728800	0.19885
VH_distal	5500	chr10	49146400	1
VH_distal	5500	chr3	74079200	1
VH_distal	5500	chr10	17406400	0.157408
VH_distal	5500	chr4	87493600	0.000264639
VH_distal	5500	chr7	96751400	3.27997e-12
VH_distal	5500	chr15	64262800	0.794649
VH_distal	5500	chr5	104489400	8.00542e-13
VH_distal	5500	chr15	44867600	1
VH_distal	5500	chr6	118144400	0.529642
VH_distal	5500	chr5	35970000	0.586671
VH_distal	5500	chr2	123017200	1
VH_distal	5500	chr3	127913800	1
VH_distal	5500	chr12	2424400	0.597916
VH_distal	5500	chr9	57814600	0.933123
VH_distal	5500	chr12	83368800	0.199065
VH_distal	5500	chr7	72275800	9.30779e-15
VH_distal	5500	chr2	103322600	0.619494
VH_distal	5500	chr2	79189400	0.791436
VH_distal	5500	chr10	86884000	1
VH_distal	5500	chr8	11686800	1
VH_distal	5500	chr9	94321800	2.60504e-09
VH_distal	5500	chr8	12099200	0.929626
VH_distal	5500	chr5	85079400	0.751268
VH_distal	5500	chr1	68221200	1
VH_distal	5500	chr3	69830000	0.93168
VH_distal	5500	chr7	143010400	0.541853
VH_distal	5500	chr4	132681800	0.929626
VH_distal	5500	chr1	164762600	0.0664505
VH_distal	5500	chr5	43614600	0.874851
VH_distal	5500	chr9	16872600	1
VH_distal	5500	chr12	116986600	0.709661
VH_distal	5500	chr7	95174600	1
VH_distal	5500	chr12	39096800	0.0132364
VH_distal	5500	chr1	32554200	0.141489
VH_distal	5500	chr2	139023000	0.0201929
VH_distal	5500	chr7	104199600	0.000888438
VH_distal	5500	chr3	142644200	0.571356
VH_distal	5500	chr2	91513200	0.515759
VH_distal	5500	chr11	59194000	0.368629
VH_distal	5500	chr5	102280200	0.668075
VH_distal	5500	chr6	94392200	0.337153
VH_distal	5500	chr2	22262400	0.0068714
VH_distal	5500	chr18	32583200	0.802089
VH_distal	5500	chr11	108685000	0.260141
VH_distal	5500	chr4	117917400	0.932737
VH_distal	5500	chr11	94986600	0.010567
VH_distal	5500	chr4	69504800	0.0100787
VH_distal	5500	chr2	81266800	1
VH_distal	5500	chr7	129368200	0.113366
VH_distal	5500	chr3	114471000	1
VH_distal	5500	chr14	37576600	1
VH_distal	5500	chr3	73942400	1
VH_distal	5500	chr13	102348800	0.265314
VH_distal	5500	chr11	79191000	1.7984e-06
VH_distal	5500	chr9	53152000	0.312424
VH_distal	5500	chr14	12921200	0.695722
VH_distal	5500	chr2	117566000	0.687864
VH_distal	5500	chr7	113356000	0.0140379
VH_distal	5500	chr10	6428800	2.38392e-08
VH_distal	5500	chr5	99619000	0.758937
VH_distal	5500	chr2	27090400	0.706701
VH_distal	5500	chr14	96796200	1
VH_distal	5500	chr17	17177800	0.017874
VH_distal	5500	chr14	43143200	0.339155
VH_distal	5500	chr1	29247000	1
VH_distal	5500	chr10	123125400	0.763745
VH_distal	5500	chr12	8472200	2.33329e-09
VH_distal	5500	chr10	10729400	0.000547559
VH_distal	5500	chr10	58283000	0.359839
VH_distal	5500	chr14	114674000	1
VH_distal	5500	chr10	103706600	1
VH_distal	5500	chr5	40590400	0.058786
VH_distal	5500	chr8	108993000	0.763745
VH_distal	5500	chr1	85920200	0.748025
VH_distal	5500	chr15	2542800	0.597479
VH_distal	5500	chr2	160898800	1
VH_distal	5500	chr8	41563200	1
VH_distal	5500	chr11	14578200	1
VH_distal	5500	chr4	38339800	1
VH_distal	5500	chr13	78456000	1
VH_distal	5500	chr13	37697000	1.51218e-11
VH_distal	5500	chr17	11421000	0.494064
VH_distal	5500	chr4	38196000	1
VH_distal	5500	chr8	5670400	1
VH_distal	5500	chr6	46531800	0.816918
VH_distal	5500	chr12	98107800	0.305341
VH_distal	5500	chr5	30319600	0.625872
VH_distal	5500	chr5	142968600	0.161769
VH_distal	5500	chr10	116984200	0.612582
VH_distal	5500	chr17	25375800	0.459164
VH_distal	5500	chr3	85533000	3.34399e-16
VH_distal	5500	chr7	7376400	1
VH_distal	5500	chr19	10757400	0.00509429
VH_distal	5500	chr13	105670400	1
VH_distal	5500	chr16	22532800	0.776726
VH_distal	5500	chr8	114047200	0.414642
VH_distal	5500	chr5	5286400	0.304073
VH_distal	5500	chr9	95270800	0.912614
VH_distal	5500	chr6	130203400	0.572771
VH_distal	5500	chr13	11226600	0.933123
VH_distal	5500	chr4	1633800	1
VH_distal	5500	chr4	144746000	1.25766e-06
VH_distal	5500	chr2	13446200	1.5664e-07
VH_distal	5500	chr2	149743200	1.29153e-06
VH_distal	5500	chr3	58659000	0.353115
VH_distal	5500	chr16	58849200	1
VH_distal	5500	chr3	44692600	1
VH_distal	5500	chr12	37304000	0.69222
VH_distal	5500	chr18	44855400	0.348123
VH_distal	5500	chr2	90576000	0.0480374
VH_distal	5500	chr1	35462600	0.384062
VH_distal	5500	chr2	43035800	1.99119e-06
VH_distal	5500	chr11	116357200	0.934981
VH_distal	5500	chr10	16446400	1
VH_distal	5500	chr11	92341000	1
VH_distal	5500	chr3	91562000	1
VH_distal	5500	chr12	3789400	1.09777e-16
VH_distal	5500	chr13	84366600	1
VH_distal	5500	chr2	77950400	0.789935
VH_distal	5500	chr17	11561600	0.625872
VH_distal	5500	chr6	143869200	0.932194
VH_distal	5500	chr10	38400600	0.933123
VH_distal	5500	chr9	39409800	1
VH_distal	5500	chr5	142998200	0.247255
VH_distal	5500	chr17	46599800	0.0108057
VH_distal	5500	chr8	4678200	0.206699
VH_distal	5500	chr9	103229800	0.000262514
VH_distal	5500	chr2	20424000	0.407314
VH_distal	5500	chr7	2345600	0.64062
VH_distal	5500	chr14	117753600	1.02599e-13
VH_distal	5500	chr17	68273600	1
VH_distal	5500	chr10	103772400	1
VH_distal	5500	chr12	101072200	0.197527
VH_distal	5500	chr2	3501600	0.625872
VH_distal	5500	chr15	25498800	0.695722
VH_distal	5500	chr4	124120400	1
VH_distal	5500	chr8	98572800	1
VH_distal	5500	chr16	57971600	0.572771
VH_distal	5500	chr14	36108600	0.113771
VH_distal	5500	chr6	61751400	1
VH_distal	5500	chr7	16578800	1
VH_distal	5500	chr16	62656200	0.801048
VH_distal	5500	chr7	76376200	1
VH_distal	5500	chr4	39303600	1
VH_distal	5500	chr13	99266800	0.493062
VH_distal	5500	chr2	147001200	0.131612
VH_distal	5500	chr1	92036800	0.773339
VH_distal	5500	chr2	107930800	1
VH_distal	5500	chr15	32479200	0.485553
VH_distal	5500	chr2	56015400	0.0128197
VH_distal	5500	chr17	55500000	0.00270898
VH_distal	5500	chr5	26431800	1
VH_distal	5500	chr3	73399800	1
VH_distal	5500	chr1	23217600	0.271648
VH_distal	5500	chr1	37791200	0.000451941
VH_distal	5500	chr1	35108200	0.918195
VH_distal	5500	chr14	63833600	0.156134
VH_distal	5500	chr6	123146600	1
VH_distal	5500	chr10	41294000	2.35484e-05
VH_distal	5500	chr16	77385000	0.637618
VH_distal	5500	chr1	165348000	0.117079
VH_distal	5500	chr3	139985600	1
VH_distal	5500	chr4	37769600	1
VH_distal	5500	chr14	116144600	1
VH_distal	5500	chr1	80776800	1
VH_distal	5500	chr6	136259600	0.19444
VH_distal	5500	chr2	95123200	1
VH_distal	5500	chr15	11300600	0.383669
VH_distal	5500	chr17	6052200	6.91059e-99
VH_distal	5500	chr2	151022400	0.914423
VH_distal	5500	chr17	79015200	0.207352
VH_distal	5500	chr19	20693800	0.682293
VH_distal	5500	chr12	93878000	1
VH_distal	5500	chr9	76856000	0.929626
VH_distal	5500	chr2	139669400	0.0201929
VH_distal	5500	chr8	41859400	1
VH_distal	5500	chr15	52589200	0.00768841
VH_distal	5500	chr7	112893400	0.132819
VH_distal	5500	chr9	48230000	0.848291
VH_distal	5500	chr4	11098200	0.107658
VH_distal	5500	chr10	18637600	0.0812099
VH_distal	5500	chr7	87865400	0.763745
VH_distal	5500	chr6	34748200	0.000148146
VH_distal	5500	chr6	108470800	0.695722
VH_distal	5500	chr6	48781200	4.3492e-06
VH_distal	5500	chr11	29071000	0.717007
VH_distal	5500	chr18	27343400	0.572771
VH_distal	5500	chr17	80155000	0.840551
VH_distal	5500	chr5	71977800	0.120186
VH_distal	5500	chr8	121918000	0.625872
VH_distal	5500	chr9	104973200	0.234385
VH_distal	5500	chr12	65601200	1
VH_distal	5500	chr9	65206200	4.63337e-07
VH_distal	5500	chr5	28255600	0.00698142
VH_distal	5500	chr3	116231800	0.162255
VH_distal	5500	chr11	61854600	5.05815e-05
VH_distal	5500	chr2	155918800	0.911882
VH_distal	5500	chr14	79305200	0.625872
VH_distal	5500	chr13	12320400	0.18793
VH_distal	5500	chr2	95261600	1
VH_distal	5500	chr2	169466800	0.605139
VH_distal	5500	chr18	15377800	1
VH_distal	5500	chr14	97625000	1
VH_distal	5500	chr12	117279800	7.02295e-17
VH_distal	5500	chr18	70927800	1
VH_distal	5500	chr4	111833200	0.597916
VH_distal	5500	chr2	105792400	3.9466e-21
VH_distal	5500	chr14	21550000	0.199866
VH_distal	5500	chr8	21983000	1
VH_distal	5500	chr14	58980200	6.82574e-13
VH_distal	5500	chr8	60006000	0.302244
VH_distal	5500	chr13	109223000	0.157077
VH_distal	5500	chr10	102804800	1
VH_distal	5500	chr14	17763800	0.243795
VH_distal	5500	chr2	168060600	0.313654
VH_distal	5500	chr2	130607200	0.981215
VH_distal	5500	chr9	12271800	0.494064
VH_distal	5500	chr7	131852400	0.034601
VH_distal	5500	chr11	92978800	0.175979
VH_distal	5500	chr5	110462000	0.124097
VH_distal	5500	chr13	106453000	0.794653
VH_distal	5500	chr4	122248200	0.597479
VH_distal	5500	chr5	55028000	1
VH_distal	5500	chr3	151243200	0.2884
VH_distal	5500	chr17	14644400	0.403502
VH_distal	5500	chr7	106676600	1
VH_distal	5500	chr13	46942400	0.861218
VH_distal	5500	chr8	120760800	0.363021
VH_distal	5500	chr12	109668200	1.35142e-09
VH_distal	5500	chr10	18309800	0.814603
VH_distal	5500	chr19	22163400	0.550563
VH_distal	5500	chr11	102218000	4.36512e-10
VH_distal	5500	chr2	172245800	0.159803
VH_distal	5500	chr15	89729800	1
VH_distal	5500	chr2	114398400	0.107133
VH_distal	5500	chr14	3986000	1
VH_distal	5500	chr1	133937800	0.0166526
VH_distal	5500	chr7	103486600	0.000888438
VH_distal	5500	chr5	122989600	0.154749
VH_distal	5500	chr7	45247200	0.0367804
VH_distal	5500	chr5	66298000	0.749893
VH_distal	5500	chr17	69145200	0.751268
VH_distal	5500	chr2	141645400	0.911483
VH_distal	5500	chr19	3126600	0.498083
VH_distal	5500	chr5	132142000	1
VH_distal	5500	chr15	4492600	0.933105
VH_distal	5500	chr19	6228000	0.933123
VH_distal	5500	chr9	16697000	1
VH_distal	5500	chr2	123705600	1
VH_distal	5500	chr1	173727600	0.144054
VH_distal	5500	chr4	71149000	0.729876
VH_distal	5500	chr12	16781200	0.0224632
VH_distal	5500	chr3	2331600	1
VH_distal	5500	chr9	112335600	1
VH_distal	5500	chr1	1258200	1
VH_distal	5500	chr1	1355200	1
VH_distal	5500	chr14	120409800	1
VH_distal	5500	chr4	124167000	1
VH_distal	5500	chr15	25177000	0.319804
VH_distal	5500	chr12	7587000	1.7097e-11
VH_distal	5500	chr17	12397400	1.00529e-08
VH_distal	5500	chr11	92753200	1
VH_distal	5500	chr15	45841800	1
VH_distal	5500	chr3	6444800	1
VH_distal	5500	chr2	125742800	0.036864
VH_distal	5500	chr13	60798000	0.924929
VH_distal	5500	chr9	11705000	0.911483
VH_distal	5500	chr3	135362400	0.572771
VH_distal	5500	chr13	6473400	0.637618
VH_distal	5500	chr4	29636200	1
VH_distal	5500	chr11	63271000	0.794642
VH_distal	5500	chr14	119748400	1
VH_distal	5500	chr1	14692600	0.758937
VH_distal	5500	chr1	120368400	0.707758
VH_distal	5500	chr16	44322200	1.70055e-09
VH_distal	5500	chr3	112459800	1
VH_distal	5500	chr2	139248800	0.0201929
VH_distal	5500	chr19	11005800	0.00187733
VH_distal	5500	chr7	79088000	0.384098
VH_distal	5500	chr9	95667600	0.0447087
VH_distal	5500	chr18	14330200	0.043621
VH_distal	5500	chr5	63545800	0.00191556
VH_distal	5500	chr11	69055800	0.959103
VH_distal	5500	chr9	55232800	5.86524e-23
VH_distal	5500	chr2	168771800	0.000645359
VH_distal	5500	chr10	89351200	1
VH_distal	5500	chr10	53472000	0.147448
VH_distal	5500	chr2	176158800	6.07443e-05
VH_distal	5500	chr4	22313800	1
VH_distal	5500	chr5	92415000	0.00571477
VH_distal	5500	chr9	119147000	0.151819
VH_distal	5500	chr7	59218200	0.0199452
VH_distal	5500	chr3	150800000	0.205883
VH_distal	5500	chr5	88456000	0.924546
VH_distal	5500	chr1	58999200	0.0472517
VH_distal	5500	chr10	54105000	1
VH_distal	5500	chr4	16091800	0.107056
VH_distal	5500	chr8	72751000	0.0032029
VH_distal	5500	chr11	66555200	1
VH_distal	5500	chr9	78814400	1
VH_distal	5500	chr5	36840800	0.883085
VH_distal	5500	chr8	100158200	1
VH_distal	5500	chr7	76357200	1
VH_distal	5500	chr6	93219200	1
VH_distal	5500	chr10	103853200	1
VH_distal	5500	chr16	70103400	4.36842e-05
VH_distal	5500	chr17	78775600	0.569809
VH_distal	5500	chr8	64487800	0.000169426
VH_distal	5500	chr12	29867400	1
VH_distal	5500	chr15	33030000	0.0177181
VH_distal	5500	chr10	5811600	1
VH_distal	5500	chr1	23508400	0.374584
VH_distal	5500	chr15	84227400	0.698499
VH_distal	5500	chr4	10077800	0.605139
VH_distal	5500	chr5	73561200	0.208337
VH_distal	5500	chr5	27351400	0.00196432
VH_distal	5500	chr13	106360000	0.794654
VH_distal	5500	chr15	2905600	0.597479
VH_distal	5500	chr15	42004600	0.00140655
VH_distal	5500	chr3	58628200	0.305341
VH_distal	5500	chr14	83148800	1
VH_distal	5500	chr6	18498400	0.00642961
VH_distal	5500	chr18	7953000	1
VH_distal	5500	chr12	117705200	7.12421e-15
VH_distal	5500	chr5	116004600	0.0685482
VH_distal	5500	chr11	82311200	3.49327e-06
VH_distal	5500	chr6	136090600	0.19444
VH_distal	5500	chr1	123374200	1
VH_distal	5500	chr3	120458600	0.597479
VH_distal	5500	chr3	82854200	0.930879
VH_distal	5500	chr3	66712400	1.05085e-28
VH_distal	5500	chr19	49692600	1
VH_distal	5500	chr8	25645600	0.383669
VH_distal	5500	chr19	49772200	1
VH_distal	5500	chr2	90192600	0.855831
VH_distal	5500	chr2	149911000	4.39432e-05
VH_distal	5500	chr7	107794000	1
VH_distal	5500	chr10	118900000	0.155518
VH_distal	5500	chr3	24781400	1
VH_distal	5500	chr17	88291600	0.876089
VH_distal	5500	chr4	7721400	0.218849
VH_distal	5500	chr5	29314800	0.535971
VH_distal	5500	chr14	60924200	0.367106
VH_distal	5500	chr10	3633600	0.332226
VH_distal	5500	chr4	130016800	0.883085
VH_distal	5500	chr9	102527600	0.128197
VH_distal	5500	chr9	50032400	0.65436
VH_distal	5500	chr13	80479200	0.212788
VH_distal	5500	chr1	140496600	1
VH_distal	5500	chr8	48207000	1
VH_distal	5500	chr5	139549200	0.567714
VH_distal	5500	chr10	107775400	0.00571477
VH_distal	5500	chr13	82599200	4.02775e-05
VH_distal	5500	chr10	110239000	1
VH_distal	5500	chr17	29454400	6.44084e-08
VH_distal	5500	chr15	61207000	0.368947
VH_distal	5500	chr5	87092400	1
VH_distal	5500	chr8	64813000	0.749893
VH_distal	5500	chr2	4392600	2.94698e-10
VH_distal	5500	chr17	38563400	1
VH_distal	5500	chr9	47948600	0.861218
VH_distal	5500	chr5	27502000	0.0574217
VH_distal	5500	chr3	42252200	1
VH_distal	5500	chr17	2437200	0.0107861
VH_distal	5500	chr7	59955000	1
VH_distal	5500	chr14	39158000	1
VH_distal	5500	chr1	80055600	0.0921121
VH_distal	5500	chr11	34307400	0.666425
VH_distal	5500	chr9	88561000	3.84356e-34
VH_distal	5500	chr9	120514200	1.14688e-05
VH_distal	5500	chr10	126613400	0.695722
VH_distal	5500	chr17	70800400	4.8111e-05
VH_distal	5500	chr13	34681400	0.933116
VH_distal	5500	chr16	8198600	1
VH_distal	5500	chr13	14390400	1
VH_distal	5500	chr7	92782600	0.0657079
VH_distal	5500	chr9	68524800	0.652993
VH_distal	5500	chr18	10875200	0.470515
VH_distal	5500	chr5	147858600	0.875933
VH_distal	5500	chr13	113993600	0.0107988
VH_distal	5500	chr6	111380600	1
VH_distal	5500	chr2	54765600	1
VH_distal	5500	chr12	5158800	1
VH_distal	5500	chr10	113344200	1
VH_distal	5500	chr10	42549200	0.0699463
VH_distal	5500	chr7	140143000	0.0376139
VH_distal	5500	chr12	77495400	1.08076e-34
VH_distal	5500	chr8	11732400	1
VH_distal	5500	chr12	32230600	0.493062
VH_distal	5500	chr15	93967200	1
VH_distal	5500	chr1	12446400	0.751268
VH_distal	5500	chr1	73636400	0.00168546
VH_distal	5500	chr2	167023200	0.00471348
VH_distal	5500	chr11	81815800	0.709668
VH_distal	5500	chr12	997600	1
VH_distal	5500	chr13	102274600	0.981112
VH_distal	5500	chr12	46623800	1
VH_distal	5500	chr4	7861200	0.000926988
VH_distal	5500	chr9	29141600	1
VH_distal	5500	chr1	165518400	1
VH_distal	5500	chr10	35011000	1
VH_distal	5500	chr1	131219000	0.000225946
VH_distal	5500	chr6	103805200	1
VH_distal	5500	chr11	108450000	0.88883
VH_distal	5500	chr4	64706800	1
VH_distal	5500	chr6	126517200	1
VH_distal	5500	chr15	91301000	1
VH_distal	5500	chr14	36842600	0.0403482
VH_distal	5500	chr6	18691400	0.0481249
VH_distal	5500	chr16	27857000	1
VH_distal	5500	chr3	107926000	0.685555
VH_distal	5500	chr5	13371000	1
VH_distal	5500	chr11	50954000	0.0218389
VH_distal	5500	chr19	48802200	1
VH_distal	5500	chr5	116882800	0.0211846
VH_distal	5500	chr2	73510400	0.212754
VH_distal	5500	chr14	23919000	0.682293
VH_distal	5500	chr11	119932000	4.3387e-20
VH_distal	5500	chr14	8298400	0.794654
VH_distal	5500	chr17	37907000	1
VH_distal	5500	chr10	44149400	0.951928
VH_distal	5500	chr6	20218800	1
VH_distal	5500	chr1	67687400	1
VH_distal	5500	chr1	40241000	0.722553
VH_distal	5500	chr7	138383400	0.045944
VH_distal	5500	chr5	96352800	0.932525
VH_distal	5500	chr7	127397800	0.0733827
VH_distal	5500	chr13	59327000	0.954049
VH_distal	5500	chr5	81345800	0.0770919
VH_distal	5500	chr16	36919200	0.0696316
VH_distal	5500	chr5	36309000	0.480224
VH_distal	5500	chr17	29466800	6.44084e-08
VH_distal	5500	chr13	63842000	1
VH_distal	5500	chr14	76183600	0.00312028
VH_distal	5500	chr5	97809400	0.111594
VH_distal	5500	chr4	46118200	0.283733
VH_distal	5500	chr3	51442200	3.38555e-06
VH_distal	5500	chr16	1096600	1
VH_distal	5500	chr8	37283400	1
VH_distal	5500	chr12	69971400	0.893615
VH_distal	5500	chr7	111851200	0.379508
VH_distal	5500	chr10	121777200	0.612582
VH_distal	5500	chr11	119375000	0.000204362
VH_distal	5500	chr12	79265800	0.428497
VH_distal	5500	chr12	105676200	0.0241307
VH_distal	5500	chr3	28558800	1
VH_distal	5500	chr2	102098400	7.18927e-08
VH_distal	5500	chr9	39790800	0.000420238
VH_distal	5500	chr10	122532800	0.000258619
VH_distal	5500	chr7	21566200	1
VH_distal	5500	chr18	3210400	0.00315551
VH_distal	5500	chr2	53460000	1
VH_distal	5500	chr4	7903800	0.221438
VH_distal	5500	chr1	191315600	0.645986
VH_distal	5500	chr10	58573600	0.0837988
VH_distal	5500	chr5	8368400	7.51221e-09
VH_distal	5500	chr2	9501800	0.788741
VH_distal	5500	chr6	114244200	0.794654
VH_distal	5500	chr11	7908000	0.377802
VH_distal	5500	chr3	155122400	1
VH_distal	5500	chr6	45673600	1
VH_distal	5500	chr7	22541000	1
VH_distal	5500	chr2	863000	1
VH_distal	5500	chr16	15744800	0.765091
VH_distal	5500	chr10	698800	1
VH_distal	5500	chr10	42806400	0.0480705
VH_distal	5500	chr7	78826800	0.794561
VH_distal	5500	chr15	80169800	0.991179
VH_distal	5500	chr4	35398600	1
VH_distal	5500	chr4	49567400	0.832898
VH_distal	5500	chr10	111234000	1
VH_distal	5500	chr4	105390400	0.0294262
VH_distal	5500	chr5	37627200	0.000213529
VH_distal	5500	chr1	179259400	0.472822
VH_distal	5500	chr7	123398400	0.898028
VH_distal	5500	chr2	128260400	0.00019729
VH_distal	5500	chr1	62749800	0.164914
VH_distal	5500	chr17	13528000	0.158485
